authorId,authorName,affiliatedOrg
153842832,R. Shah,1
145373888,Reihaneh H. Hariri,1
2441288,A. Beloglazov,1
1980031,Christian Quast,1
2641234,N. Golde,1
1683219,Ligang He,1
20779472,Mentewab Ayalew,1
15134462,T. Schultz,1
33372120,Nikolas Ioannou,1
50470670,Fangyuan Sui,1
35087612,Wilson C. Hsieh,1
1769868,J. Shanmugasundaram,1
1698747,Jichuan Chang,1
2146285954,Haiyang Huang,1
2058007378,D. Lightfoot,1
33810865,S. Brandt,1
2111707474,Pedro A. C. Sousa,1
144271318,B. Hillebrands,1
47777448,Hannah A. Pliner,1
48043335,Richang Hong,1
2159065,H. Horimai,1
33422510,E. Silva,1
1500391633,Tianli Zhou,1
145194157,Jianjun Luo,1
50778791,Jianjun Hu,1
3210262,Senzhang Wang,1
1856878,U. F. Minhas,1
8606450,Kyle W. Karhohs,1
2448692,M. Polajnar,1
1927081,Anastasia Krithara,1
2107495521,H. Guo,1
2162210436,Stephen M. Smith,1
48219927,Dawei Jiang,1
1939433,T. Przytycka,1
2143328859,Hansaem Lee,1
2107286282,S. Roy,2
1741044,Murat Kantarcioglu,2
2076086,Fethi Bougares,2
2112620981,Hua Gao,2
2073806959,Tushar Chandra,2
143712929,R. He,2
47685761,B. Husemann,2
9195315,Gao Hongmin,2
153610437,Devesh Srivastava,2
1892798389,Xiaomin Fang,2
46521834,Xiangbin Liu,2
2121402780,Yunxia Wang,2
79734689,B. Hickson,2
4865049,P. Discenna,2
1802084,Susan P. Williams,2
2063047670,Ting Deng,2
2115252929,Xin Lin,2
1691804,D. Ballard,2
2000280123,P. Chlap,2
48275624,S. Berg,2
2834950,Bernhard X. Kausler,2
1718134,M. Balazinska,2
1755163,A. Kovatich,2
47484023,Quoc-Cuong To,2
34592319,R. Cappelli,2
2152883199,Haici Jin,2
2110218251,Ji Wang,2
46993938,Z. Kudyshev,2
98256743,Zhi Yang,2
34889832,Yafei Dai,2
1745169,P. Bartlett,2
5442167,Yiran Chen,2
2158625964,Wei Wang,2
48905676,Sunil Prabhakar,2
2117879943,Chuxu Zhang,2
1943226,M. Karpathiotakis,2
36393432,Slava Chernyak,2
2169212913,S. Jain,3
2115780475,Junling Liang,3
1732570,M. Bronstein,3
11039424,Victor Maus,3
2365155,S. Deerwester,3
1735065,K. Skadron,3
145404204,Cees G. M. Snoek,3
2635216,Sohaib Ghani,3
2264650,Gholamhosein Sheikholeslami,3
12717353,W. Xiao-chang,3
3383611,Kartik Lakhotia,3
3097765,A. K. Sangaiah,3
49141099,Meng Li,3
2288838566,Suresh R,3
1752945,Maryam Ghasemaghaei,3
13866839,Xuehang Wang,3
30993494,H. Augustin,3
1931824459,Dhanalekshmi Gopinathan,3
2117701534,Andrey Ivanov,3
2187856151,Qiangsheng Hua,3
1745796,P. Gajer,3
144189527,B. Smit,3
107864595,Z. Allam,3
8631609,Andy T. Riffel,3
30504500,M. Kilibarda,3
117232631,Qin Lv,3
144588806,M. Backes,3
1739768238,Richard Y. Wang,3
79990255,J. Ernst,3
1705442,A. Madabhushi,3
104095516,A. Baczko,3
39419985,Shaoli Liu,3
2834541,R. Kondor,3
1717366,M. Sugeno,3
66030040,Jan Skrzypczak,3
143833453,O. Varga,3
1718021,V. Robu,3
2455863,Waylon Brunette,4
144121680,Laith Farhan,4
2985328,Yulan Guo,4
51274710,Nezihe Merve Gurel,4
1682406,A. Mendelzon,4
19293876,Cathrin Weiss,4
1703011692,Hongshi Tan,4
1402984321,Mervat Abu-Elkheir,4
2323588,Tekin Bicer,4
2270571142,A. Bregt,4
31359282,Stefania Dumbrava,4
143805211,A. Torralba,4
2479110,D. Ponnurangam,4
152763871,Zhao Wang,4
144502903,W. Fan,4
1882003,Jinquan Zeng,4
1725976,D. Hu,4
2110480139,S. L. Smith,4
145569181,M. Hobbs,4
1689992,P. Abbeel,4
1709884,I. Caballero,4
1781751,R. Laher,4
6565832,A. Baidjoe,4
2924011,Shruti Kasetty,4
121660594,Zaynah A. Dhunny,4
152457211,Y. Zha,4
2985907,Yudian Zheng,4
1790824,E. Ngai,4
145449750,Brandon Lucia,4
1870303,Jielong Xu,4
2122942,B. Ripley,4
1404786833,Ala I. Al-Fuqaha,4
143915066,Chi Chen,4
35210462,Kunal Talwar,4
2145970,Anjia Yang,5
40379784,Ryan Kennedy,5
2018071,Yichen Zhang,5
5247991,Moritz Juchler,5
1730445,P. Hugenholtz,5
1388622435,Saif Al-Harthi,5
48537464,Yu Rong,5
144558270,S. Ding,5
145093191,R. Nair,5
1712119,Weina Fu,5
2061881331,Wang Zhen,5
9616561,Abdelrahman Elbashandy,5
2119124568,Jamie A. Smith,5
1742203875,Wenjia Cai,5
2931784,A. Bonaccorsi,5
144474086,P. Flach,5
1764301,A. Kamilaris,5
1699123,L. Bertossi,5
2116613099,I. S. Lee,5
2515119,Yishai Oltchik,5
2185909463,Bin Li,5
2108025636,Lifang Zhang,5
47757469,E. Henderson,5
46713376,Bing Ma,5
2079911,Petar Ristoski,5
144914140,Hao Su,5
1738536,Jimeng Sun,5
2114100496,Yosub Shin,5
6507779,D. Kallepalli,5
2076743,R. Berruto,5
2225511,Weimin Zheng,5
144205696,A. Banerjee,5
153930839,C. Sîrbu,5
3469125,Congzheng Song,5
1728318,A. Ailamaki,5
145261717,H. Fröhlich,5
2075201302,Reuven Lax,5
7617146,Sutanay Choudhury,5
119858851,Jia Xu,6
2114976261,Wei Yao,6
2145408511,Shichang Zhang,6
2368067,Barret Zoph,6
1403851557,Jose Cruz-Toledo,6
2858881,Tathagata Das,6
143884284,E. Gunawan,6
2712246,Martin Junghanns,6
2283098327,Xingquan Zhu,6
145300338,C. Harris,6
145179162,Mingxing Zhang,6
153100929,S. Muthukrishnan,6
144867807,S. Thrun,6
1736021,R. Ng,6
4116323,Alisa Surkis,6
10001266,F. Orakzai,6
1969352,Jeonghwan Gwak,6
40362338,M. Hernán,6
46842442,Zhongxin Chen,6
48418805,B. Kang,6
2117940996,Ziwei Liu,6
39744835,Maryam Khanian Najafabadi,6
2919642,Maciej Besta,6
40619959,P. Allison,6
1694780,M. Pazzani,6
47798382,P. Sudhakar,6
1741232,R. Dssouli,6
2809395,B. Warth,6
1738953,R. Fidalgo,6
2008708783,C. O. Schmidt,6
144082425,Ling Shao,6
151089695,Luke Geneslaw,6
49247239,M. P. K. Reddy,6
47232798,R. Upadhyay,6
145392527,Xiaowen Dong,6
2074116890,Telmo Matos,6
40451574,Hannah R Thomas,6
2969789,C. Carson,6
11604561,K. Anderson,6
34265663,E. Pucci,6
49696663,S. Badsha,6
2057469329,Chanho Yoon,6
1704861,H. Lipmaa,6
49528584,Hao Wang,6
2430095,Longbin Lai,6
2072927082,Chao Tian,6
2070302205,Jian Weng,7
1409267833,Ayad Al-dujaili,7
2115815,S. E. Bibri,7
1483726395,Sanaullah Manzoor,7
1485435660,Christina R. Daulton,7
2144443688,Yun Liu,7
39011068,Joseph M. Paggi,7
104377747,C. Bennett,7
7350178,T. Urrutia,7
2059118408,Mehar Sahu,7
2228824,Andrei A. Rusu,7
50762194,Jiayin Chen,7
2061421223,David Pinto,7
151178570,Qingxia Yang,7
13966665,Vathsala Patil,7
1789372,N. Sundaram,7
2125469004,Yang Cao,7
1933508,J. McClean,7
1740213,Pedro M. Domingos,7
2244164,C. Trapnell,7
2431330,J. Shendure,7
3188030,Claude Barthels,7
2329819,A. Kildishev,7
10995925,D. Dimitrov,7
38608914,G. T. Reddy,7
987655523,Jian Sun,7
32657901,Samuel Grossman,7
49941354,A. Swanson,7
2267807,P. Dawyndt,7
49730050,Saurabh Saxena,7
145520115,M. Belkin,7
87122962,Ben Green,7
49640041,Jianying Zhou,8
36838735,B. Ganesh,8
30757622,Sayantan Khanra,8
15761043,Ayoung Yoon,8
2118446738,Jian Chen,8
2153527172,He Zhang,8
143702015,R. Bacon,8
2442306,Yongpan Liu,8
3451005,Junqiao Qiu,8
26686252,Nur Hazimah Mohamed Nor,8
2115285735,Sanghyun Park,8
2083698,M. Vodas,8
50543766,Eamonn J. Keogh,8
51352814,L. Guibas,8
46606113,Jingli Ren,8
2115626527,Yawei Wang,8
35207612,Alberto Ferraris,8
147015068,Jeanelle Ackerman,8
51199953,Riccardo Rialti,8
50055322,Ling Huang,8
143630962,Fabiana M. Duarte,8
5952794,T. Kalincik,8
143651788,Xiuzhen Cheng,8
1801519,D. Wong,9
2105789236,Gary King,9
39695518,Li Liu,9
145467929,Bongki Moon,9
2113674994,W. Liang,9
144757691,S. Erfani,9
3691987,Jiwen Xin,9
80193067,Jun Lyu,9
50076239,Edin A. Muharemagic,9
2111682898,Donglong He,9
4274900,O. Alter,9
2271668292,Xindong Wu,9
2215941,F. Nasaruddin,9
144779196,Yufei Tao,9
51022218,Stella Y. Sun,9
1712222777,Adarsh Kumar,9
2987811,M. Swain,9
3308719,Robert Gerstenberger,9
11371884,Christian Etmann,9
2386640,Ioannis Kavakiotis,9
1695784,U. Fayyad,9
2966240,Jianren Wang,9
145910503,Daniela T. Marquez,9
2399615,B. Lajoie,9
2075347074,Guiyun Tian,9
2144438851,Xiang Li,9
1396184193,Andy Chu,9
1851304,Matteo Chinazzi,9
34734228,S. Jamuar,9
5190887,J. Karnes,9
1678835,Xuanhua Shi,10
1736389,M. Dumontier,10
9035741,Simone Romano,10
144110274,K. Zhang,10
2028211867,Sofía Maiolo,10
2068310530,Ivan Manuel Gunawan,10
3181960,Junfei Qiu,10
1388063032,Kevin Innerebner,10
48965924,Stefanie N. Lindstaedt,10
153314745,Ming-Syan Chen,10
33906968,Shashank Mujumdar,10
153628046,L. Perrier,10
40774751,Dylanne Dearborn,10
143999313,J. Mullikin,10
1803054,Shujie Liu,10
1694621,Michael I. Jordan,10
2288719392,PhD Yuan Luo,10
143622465,Christopher Morris,10
1701715,C. Sohler,10
2181966147,Abhishek V A,10
1482559324,H. Rossman,10
1637489841,Andrea Doricchi,10
2145492298,Yongluan Zhou,10
3368455,R. Brotman,10
152998476,Yixuan Li,10
2144841096,Yu H. Chen,10
2247069462,W. N. Price,10
1722252,Jianhua Yao,10
103731383,M. Hasan,10
2046743677,Alan M Song,10
47790903,Benjamin Jakimow,10
1942212,D. Kateris,10
87429533,A. Cerdeira,10
2594647,A. Voulodimos,10
144025411,Hong Luo,10
143819011,Thomas H. Morris,10
144539424,N. Chawla,10
15597895,Hamed Alqahtani,10
2110209058,Yirong Xu,10
1683380,Osmar R Zaiane,10
2336789,Ruinian Li,10
2183294,W. Woo,10
2115611725,Xuan Luo,11
31484613,A. Saeed,11
37833666,Cédric Renggli,11
2336606,Jingbo Zhou,11
46746040,Shuang Song,11
143768623,Qian Li,11
1722388,Rada Y. Chirkova,11
145344693,Pierre-Alain Muller,11
4883942,L. Wisotzki,11
2984224,Qinglei Kong,11
103073143,Rongxing Lu,11
2327630,S. Childe,11
88566094,Jiquan Chen,11
2287311973,Ewan Masters,11
145750440,J. Polman,11
2083651327,Florijan Klezin,11
49765188,J. Ledikwe,11
51056532,Zhangyin Feng,11
1782525,S. Subrahmanya,11
1414200544,Ezzatul Akmal Kamaru-Zaman,11
1691108,Donald Kossmann,11
2118729790,David T. Jones,11
48902343,Zhiqiang Wei,11
145555536,Rinkle Rani,11
987655265,Hui Li,11
41216883,Federico Errica,11
50706692,Le Lu,11
14140001,Amir Barati Farimani,11
3291146,Shantao Li,11
95799904,M. Jung,11
1741555366,Xuewei Wang,11
35436614,Manreet Bhullar,11
2803194,D. Polychronopoulos,11
2066559728,Stefano Tessaro,11
3420596,I. Huetter,11
2114871975,Peng Zhao,12
144925807,Xiaofei Liao,12
49934155,D. Broadhurst,12
3304188,B. Funt,12
40950692,Matthew R. Dillon,12
1971458,Kaixi Hou,12
1788703,Guoru Ding,12
2004524780,Youzhi Luo,12
143619142,O. Kondrashova,12
51194821,Meltem Celikel,12
50846470,Renzhe Yu,12
1970498,Danica Damljanovic,12
144362899,Martin Scholz,12
2095762,M. Zitnik,12
1810077,Nils M. Kriege,12
1614034792,Yang Liu,12
2115011449,Kun Zhao,12
32697055,Randolph Lopez,12
145539000,J. G. Oliveira,12
2188247966,Germàn Lanzavecchia,12
1711832,Sergio Ilarri,12
3977801,Ningyi Xu,12
4289186,C. Enzenbach,12
9583743,Maria Ruiperez González,12
50666189,Giuseppe Carleo,12
50429153,P. Mattila,12
34764116,Chengfei Yan,12
47712786,F. Bianchi,12
30971409,W. Alef,12
1769599,P. Pagano,12
123305048,Chen Tian,12
2409499,K. Gaedke,12
1413903838,Lasse Thostrup,12
145072875,S. Shekhar,12
13669655,Pieter Espeel,12
34828439,M. Stronati,12
2064370992,Daniel Mills,12
2066704894,S. Di,13
2837679,Jinguang Han,13
2111364371,J. White,13
2237622240,H. Hofstee,13
144356993,S. S. Iyengar,13
1712275,B. Bhargava,13
6307534,J. Rideout,13
30912359,Simone Bertoli,13
39454224,Arnab Phani,13
2131193529,Andrew Bradley,13
32618175,M. Goldbaum,13
1580222881,J. Williams,13
2357983,Xiaodong Cui,13
1718471,K. Schwan,13
1792062,Jasmina Malicevic,13
39908645,A. Singleton,13
2108754292,Xinwang Liu,13
143784287,K. Jaganathan,13
1776969,Goce Trajcevski,13
2975905,G. Gelinck,13
1901688087,Zheyuan Hu,13
1899648,Kisung Lee,13
2141377585,Yu Bai,13
49462068,Angelika Schneider,13
3048564,M. Schuld,13
2065813820,Lenka Zdeborov'a,13
145590185,Karthik Sankaranarayanan,13
2206128,A. Okujeni,13
2109278431,Heng Liu,13
1886238,B. Caffo,13
48495089,M. Zschunke,13
81546514,Z. Yakhini,13
65991810,Alexandre Ribas Semeler,13
2526367,Martin J. Aryee,13
1975615,I. J. Aalbersberg,13
145937021,Michael G. Pecht,13
143824511,Bingsheng He,14
34462159,Somnath Mazumdar,14
3353468,J. Rhee,14
2007982,T. Nakane,14
50556355,F. Tao,14
12013287,Yuan-jie Li,14
39126788,Krishnaprasad Shastry,14
1409931639,Yuhua Xu,14
2154742781,Weigang Chen,14
50081327,Lei Zhang,14
48321874,Weisen Shi,14
144440084,Michael J. Muller,14
38300863,Jiří Šimša,14
2052275005,Claire Cui,14
2108227583,Muyuan Chen,14
2999876,Theodore L. Willke,14
2665814,H. Neven,14
1738428,Wenke Lee,14
4237628,N. Biyani,14
9106757,D. Keim,14
3852593,C. Sherbourne,14
2096458,Luke Metz,14
40225085,Mohak Shah,14
2115290745,Se Un Park,14
145341779,J. R. Quinlan,14
1729912945,Callista Bee,14
2254233737,K. Asada,14
2074979,Minyang Han,14
47053167,R. Dunbrack,14
1918088,F. V. van Eeuwijk,14
3220180,A. Mitra,14
1687701,A. Joseph,14
5744386,G. Schlomer,14
2003626,Zhengping Qian,14
145914256,Hai Jin,15
1734917,Junaid Qadir,15
1749988,B. Furht,15
48761825,M. Ijaz,15
14007711,P. H. Krumperman,15
1747102,Rubao Lee,15
15074708,Jieqiong Lei,15
2188986,V. Roy,15
1689108,O. Vinyals,15
2972227,Philip H. Winne,15
2170760,F. Biessmann,15
7993996,Kieran R. Campbell,15
39972129,V. Stoyanova,15
1702392,C. Faloutsos,15
2545358,Z. Chen,15
1800889,M. Zanin,15
153499405,Patrick Nitschke,15
143609842,S. Qin,15
145550877,Ninghui Sun,15
1925224,S. Shamshirband,15
8878341,S. Monkewitz,15
3452118,S. Goswami,15
153189200,Tao Jiang,15
2143454301,Yuzhen Huang,15
40091832,Deepavali Bhagwat,15
40071013,Zili Meng,15
50742688,A. Tagarakis,15
1403270550,A. Al-Mallahi,15
145507543,Juan C. Caicedo,15
49339941,Imane El Alaoui,15
1966497,Reynold Cheng,15
1707756,M. Steinbach,15
144366819,A. Kayes,15
1771538,C. Bellinger,15
2110651504,Limin Sun,15
1950842,Sumit Purohit,15
1713669,R. Deng,15
2281247548,Laith Alzubaidi,16
2791563,György J. Simon,16
32381922,Sneha Naraseeyappa,16
2913270,Muhammad Syafrudin,16
1789486,G. Finlayson,16
33270118,Philip J. Guo,16
46432609,J. Kiernan,16
144637915,M. Ma,16
2153032129,Hui Zhao,16
33666044,A. Senior,16
47921134,J. Jumper,16
3203657,Andrew Delong,16
2407462,Z. Otwinowski,16
1717462,G. Blelloch,16
50594282,T. Blaschke,16
143762617,M. Wurst,16
3367786,Tim Harley,16
10720938,Baole Ai,16
3663203,C. McHorney,16
48982395,A. Comber,16
2110120660,Zhen Li,16
80646261,Huanghao Mai,16
3071249,Kevin W. Hamlen,16
2037799,Damyan Ognyanoff,16
2090501,Greg Trezis,16
3463954,M. Schwieder,16
49854623,S. Suess,16
2064181672,Edgardo Ferran,16
2058740,Russell Harmer,16
2116415778,Bin Yu,16
2099250,E. Heard,16
2894178,Tamer Z. Emara,16
3954852,C. Toher,16
1761192,P. Treleaven,16
39743720,B. Nelson,16
103682810,Martina Björklund,16
41231262,M. Gomes,16
15210212,E. McKinney,16
2064347538,Amit Somani,16
1723945,Vitaly Shmatikov,16
7886986,Fabian Isensee,16
1754598,Jinglan Zhang,17
145272378,S. Mitra,17
52227748,Norman Mu,17
1709661,W. Aref,17
3339059,W. Wong,17
1500673788,Aozi Feng,17
2116431916,Xiaoming Li,17
2129455190,Zaixin Zhang,17
37909882,J. Grignon,17
3137672,Martin A. Riedmiller,17
3029482,L. Antiga,17
40536846,Chuan Lei,17
1711100,W. Zwaenepoel,17
2407411,Zuhair Khayyat,17
2837279,Jaeyong Kang,17
50384136,Qi Liu,17
143767945,A. Plaza,17
144154709,Jacob Eisenstein,17
11918365,N. S. Seyed Tabib,17
23757022,Lee Organick,17
1718214,Parikshit Gopalan,17
1737380,S. Hong,17
145066785,P. Panov,17
150026987,Ayam Pokhrel,17
3120224,A. Kiryakov,17
34957142,S. Nishio,17
88679617,L. Benos,17
27316199,Amirata Ghorbani,17
40360441,A. Amine,17
1722400,Rob A. Rutenbar,17
2875805,M. Alvers,17
49696992,Y. Sun,17
47747416,Brooke D. Simmons,17
46574709,Santosh Kumar,17
31399475,A. C. Lee,17
2724949,Jingbo Xu,17
9379106,Amjad J. Humaidi,18
153866711,S. Ventura,18
1808405,S. Yoo,18
51906013,Cathrine F. Seidelin,18
1402012502,Gabriel A. Al-Ghalith,18
1713644,Deming Chen,18
1761103,Timo Aila,18
47474337,Meng Zhang,18
2048803973,Yi Ren,18
2070355043,A. McKeown,18
1720617,A. Bradley,18
1729232,M. Lenzerini,18
144653825,A. Aiken,18
2151038285,Rui Wang,18
152290618,Qiang Yang,18
3403873,Ruben Taelman,18
2110195795,Christina Chen,18
2936830,L. Waldorp,18
143826246,A. Madry,18
2057427508,Sandra H Ott,18
3215781,Günes Aluç,18
2140053420,Ziming Wang,18
1739543667,Jun Liu,18
37417200,X. Long,18
1731453,T. Pedersen,18
3459979,A. Ekblaw,18
2092542,Valerio Grossi,18
2202746126,J. Gao,18
50564124,D. Crankshaw,18
46533048,Tobias Ziegler,18
2020035393,G. Fuchs,18
4597717,Z. Burkett,18
2048644,P. Bourne,18
101768561,A. Poom,18
1397951928,Klaus Maier-Hein,18
145013346,Y. Duan,19
51997673,Ninareh Mehrabi,19
2323922,Jonathan J. Hunt,19
2108602524,Jinho Lee,19
144204231,Lin Gu,19
1900211,S. Bowers,19
2707355,Michael Imelfort,19
1714355,Ioannis Koltsidas,19
2109858015,Jishen Zhao,19
39800707,J. Funderburk,19
2144811050,Xiaolin Jiang,19
143993045,Thomas Neumann,19
2286440807,Gong-Qing Wu,19
144875384,B. R. Noack,19
1388353546,W. Sweeney,19
2274294,Ralf Klinkenberg,19
47786204,Jiajia Li,19
2190044876,Ruoshi Li,19
2143684775,Yi Yang,19
2145793656,Yuanying Zhang,19
145441238,J. A. van der Laak,19
2118519984,Xu Huang,19
2118775979,Xiaoyue Wang,19
3459934,A. Salifoglou,19
113087456,Dong Zhang,19
9957625,Zhenqin Wu,19
145727192,X. Jia,19
9841411,Maowen Song,19
1699402,A. Hero,19
39502661,Borislav Popov,19
4220315,D. Klimstra,19
1768048,Noa Lewenstein,19
145071265,A. Montanari,19
2471449,R. Hjelsvold,19
2289912745,Adeel Shah,19
2754078,Ippokratis Pandis,19
3038916,C. Lareau,19
46201673,Alex Ng,19
144514577,Zongmin Ma,19
1410016448,O. Al-Shamma,20
39375549,G. Hills,20
1688276,Daan Wierstra,20
143964245,W. Green,20
3543241,P. Kazansky,20
2089988,B. Metzler,20
35863251,F. Puglisi,20
1635504630,Mingzhe Han,20
2144831836,Qi Liu,20
1787012,Viktor Leis,20
1715771,G. Kollios,20
40497400,D. Moldovan,20
102309470,Chester Spatt,20
29865576,S. Ang,20
145293384,P. Sadayappan,20
144719179,Zhigao Zheng,20
2285813122,R. Webster,20
4467970,S. Darbandi,20
1821479,Bibiano Rivas,20
1702096,M. Piattini,20
2288582453,Runpu Wu,20
2070105034,A. Vaisman,20
2909579,P. Cato,20
2565916,D. Roe,20
1752722,F. Provost,20
32336300,D. Rajput,20
145475635,Yong He,20
2820151,Tomaz Hocevar,20
2149052058,Hao Chen,20
143645968,Sven Schneider,20
1793101,Cetin Sahin,20
2959744,Ankur Dave,20
3139550,Larissa Laich,20
2146732191,José I. Santamaría,21
1724520,W. Zuo,21
37587676,Deliang Fan,21
2707713,O. Streicher,21
47224454,Hamzullah Khan,21
2089054636,Q. Ge,21
2158141874,Yingjin Yuan,21
153897134,Chee-Kong Lee,21
3365851,N. Gimelshein,21
5917233,C. Meriles,21
144718788,L. Deng,21
1409939578,Xia Zhu,21
49623417,H. Bergstedt,21
1761413,Yaling Zhang,21
1700173,G. Blair,21
20520552,A. Leeson,21
1725192,Martin Schiegg,21
143602360,S. Haustein,21
2072329047,Nuno Cardoso,21
1713687,M. Kubát,21
2151811827,Jian Zhang,21
2958656,Ollivier Haemmerlé,21
6901141,Naomi A. Sengamalay,21
1743609,A. Sivasubramaniam,21
47699955,Nesreen Ahmed,21
144050371,Jennifer Neville,21
150116413,Gui‐tang Wang,21
49841350,M. Niu,21
2965138,S. Leonelli,21
83219544,E. Nehme,21
49702692,S. Davidson,21
2154838,D. Badal,21
49500141,Jiong Yang,21
6463269,M. Cruts,21
1878835,Daniel Ramage,21
32343498,Matthew Zook,21
2149535,B. Devreese,21
51163989,Suk-Heung Song,21
1412407676,M. Fadhel,22
30459277,Chao Dong,22
2085689125,Ignacio Castro,22
13027820,Connor W. Coley,22
1987744,S. Nativi,22
47122839,Zhijia Zhao,22
3040289,Saikat Mukherjee,22
1861435,P. Alafaireet,22
2088846,G. Dror,22
3044529,Leo Liberti,22
1967156,Nicolas Papernot,22
47066334,R. Babbush,22
2066522012,Thorben Kroeger,22
46487065,K. Riet,22
144702473,Jeremy Freeman,22
1702251,Thierry Delot,22
1491624845,Chen Sun,22
2227868312,Enhong Chen,22
114139456,Ing Wei Khor,22
49955399,Y. Bao,22
2144067306,Miao Liu,22
144929055,Y. Dixit,22
1412958882,Muthana Al-Amidie,23
1919541,Yisen Wang,23
46608884,Ginger Tsueng,23
3062994,Matti Mäntymäki,23
48916890,Adriana Marotta,23
82752795,S. Bandyopadhyay,23
3479847,S. Conseil,23
39599280,J. Engel,23
1765710,Sai Wu,23
1947387,Davis J. McCarthy,23
153391620,Jaymie Turner,23
2182484,E. Zdobnov,23
1922284334,P. Young,23
73026555,Justice Kasiroori,23
1874006,Ben Adlam,23
48539425,Xing Hu,23
34415034,Juan Soto,23
2262107,Shaun M. Kandathil,23
144051600,S. Groom,23
3459938,O. Tsave,23
39391802,Immanuel Kunz,23
119628938,I. Cirac,23
2146084427,Chia-Li Lin,23
49186701,M. Held,23
143601468,S. Fong,23
3960565,Shinya Oki,23
145085305,James Y. Zou,23
1685642,S. Decker,23
2112647916,Wenyong Zhong,23
1783739,Issa M. Khalil,23
1984725,D. Bashford,23
89596385,Inbal Vaknin,23
145892667,G. Church,23
2082407039,A. L. Pinto,23
4478199,T. Toivonen,23
144465109,M. Younas,23
2232491,Jeong-Uk Kang,23
2775559,Fred Morstatter,24
1703056,J. Abawajy,24
1397958668,L. Maier-Hein,24
143997402,Muhammad Usman,24
1753845931,Hanxun Huang,24
1809915,Naeem Seliya,24
39773686,Yunjin Chen,24
1688882,Yann LeCun,24
144893958,Manimozhiyan Arumugam,24
10310238,C. Poh,24
145527223,Kaifu Gao,24
145092061,Sonali Agarwal,24
3011964,H. Mühleisen,24
2288706067,Kasikumar K,24
3750019,Baraedi W Sento,24
2285074747,P. KauserAhmed,24
117469112,Bindhia K. Francis,24
7589857,Chaogan Yan,24
48596333,J. Oliver,24
1702139,J. Leskovec,24
145486652,C. Straehle,24
6639465,D. Cusanovich,24
2068891,Alexander Mathis,24
2283938290,Nitin Naik,24
2143687111,Yi Yang,24
51219112,Feiran Xiang,24
144276974,K. Shin,24
3294751,L. Lahti,24
2118511109,Shuang Wang,24
2784955,J. Nocedal,24
8751433,B. Husic,24
2114004862,D. Wei,24
46199115,Shiyin Wei,24
47459955,Geraint Parry,24
40655700,Emanuel Peres,24
2039588,Keith Bonawitz,24
145472073,K. Tan,24
6201726,Andrew S. Kohlway,24
2068956915,S. Haque,24
2245389020,Sven Laur,24
51884035,N. Saxena,25
145689461,Adrian Weller,25
145358382,D. Adjeroh,25
1734327,N. Alon,25
1797840,Alexandre Gramfort,25
2780213,P. Prettenhofer,25
32623151,M. Burrows,25
1764455,A. Gandomi,25
36689599,Nan Cheng,25
2288285,S. Link,25
2109110276,Xinru Chen,25
35138293,C. Daraio,25
1928935,S. Boccaletti,25
4176389,James M. Bell,25
1760896,K. Asanović,25
1693699,T. Morzy,25
1709595,Jingren Zhou,25
2118950771,Peijun Wang,25
29905643,F. Porikli,25
50762381,Jie Chen,25
2186804632,Rui Liu,25
1690163,G. McLachlan,25
2066196454,Ravi Bhardwaj,25
2877050,R. Wong,25
2735340,Roger Midtstraum,25
2099445000,P. Dolan,25
143908863,A. Snyder,25
2931093,Linyao Feng,25
5370388,Leon Anavy,25
4722422,Orna Atar,25
145802082,R. Chiang,25
2117433842,Xin Ding,25
1782658,Kristina Lerman,26
144825749,Konrad Rieck,26
1952918,M. Chmielewski,26
2074418,C. Corbane,26
51385831,S. Giljum,26
9742942,Houda Daki,26
145539319,Randall Wald,26
1790604,Jiong He,26
48282830,Xin Chen,26
144263850,Cristina Ioana Muntean,26
2054684040,Liang Geng,26
33295601,H. Chu,26
144326259,Meikang Qiu,26
1699540,Stratis Viglas,26
40129693,Tyler S. Mathis,26
2996242,M. Warschauer,26
2537616,A. Pietro,26
1789318,M. Scannapieco,26
144758007,P. Barham,26
2119204113,Xiaodong Shi,26
39714312,E. Emanuel,26
2734356,S. Beamer,26
3374015,Zhenya Huang,26
1737754,J. Siskind,26
41051307,Ruhi Sharma Mittal,26
1388720262,Angelica I. Avilés-Rivero,26
3284305,L. Soldatova,26
2111987466,Shafiur Rahman,26
3247795,Matthew Herland,26
2114019316,Changho Choi,26
31642030,R. C. Amorim,26
2117010689,Shuo Wang,26
36745854,Hongjun Li,26
1787941,Paul J. McMurdie,26
5267391,J. Scaiano,26
7691720,G. Seetharaman,26
2408477,S. Turitsyn,26
4098270,Yehua He,26
1709353,A. E. Abbadi,26
38959541,Paul M. Leidig,26
20313879,A. Baak,26
3196739,D. Mistry,26
2051791774,Karishma Matange,26
71720761,Bon-Geun Gu,26
2192200,Zhourong Chen,26
1732750,Y. Moreau,26
143728483,A. Galstyan,27
2052178444,Hao Liu,27
2178439925,M. Gu,27
1808376,Víctor Manuel Rivas Santos,27
49569076,N. Bhagabati,27
28822585,Junchi Yu,27
144466701,Biao Huang,27
51202981,G. Calic,27
70985296,J. Wan,27
145155831,Rachel B. Baker,27
50353334,T. Grothe,27
2653464,Guy Zyskind,27
1783693,Sherif Sakr,27
3057817,G. Shipman,27
2146058320,Meng Wang,27
6171759,Donald J. Robinaugh,27
2146174097,Yue Cao,27
144382109,R. Kaushik,27
2055035543,C. Mayer,27
17563188,S. Singh,27
1697018,Simonas Šaltenis,27
144694868,Bruno Martins,27
1954709,P. Buche,27
2285816475,C. William,27
51131068,J. McRae,27
1816298,David G. Knowles,27
123895521,T. Mcginnity,27
2844898,N. Keskar,27
32195988,A. Karduck,27
1402921119,Tal Ben-Nun,27
3376186,Marvin N. Wright,27
47646523,A. J. Johnson,27
116223561,O. Khalaf,27
102620709,Guillaume Verdon,27
50721537,Patrick J. Coles,27
48946116,T. Durant,27
1758091,Shahaboddin Shamshirband,27
144186679,A. Martynenko,27
48592354,D. Davies,27
32422824,Hannah M. Specht,27
144094043,Stavros Papadopoulos,27
40194059,Benjamin W Pruitt,27
40116905,Jia Li,27
3122792,Insoon Jo,27
3123680,M. Shulaker,28
144221343,José Otero,28
1803714,Deyu Meng,28
144145211,G. Cong,28
1397361552,A. Guzman-Perez,28
1731655,Panagiotis Karras,28
144086037,J. Gaudiot,28
117819940,Kyle Bystrom,28
38183916,Pravir Kumar,28
145640180,S. Mehta,28
2118091058,Anjali Sharma,28
1710939,C. Dyreson,28
1728526,Illhoi Yoo,28
2147000717,Wenqi Qiu,28
4149364,B. Somani,28
1953018557,Bernd Heinrich,28
9153077,Seyed Mohammad Ghaffarian,28
145793641,P. Karplus,28
2224008,Tak-Chung Fu,28
2065509293,Liang Qiao,28
48211028,Jianfang Liu,28
2113772208,Qing Fu,28
1721446,K. Makarychev,28
145503401,P. Raghavan,28
145272590,G. Xie,28
2394689,M. Serhani,28
2156545657,Jing Han,28
115504645,Yang Song,28
2923325,B. Callahan,28
66854220,S. M. Hossein,28
3303583,A. Jović,28
3197141,E. Want,28
145319815,D. Chau,28
47348021,A. Goodman,28
2118024019,Han Chen,28
145111164,John Jenkins,28
2069662,Jinhong Zhou,28
11844524,Yunxing Zuo,28
1389035902,B. König-Ries,28
34312176,Bo Mei,28
151213231,Soumik Mandal,28
39754172,R. Park,29
143738684,Peng Cui,29
39505779,Z. Bao,29
2424691,Patrick Mikalef,29
36523639,Meilin Liu,29
38929912,Haibin Lv,29
147131429,José Pereira,29
987654549,Chaofan Chen,29
2040448821,Lifu Song,29
1799376,G. Graefe,29
2430056,M. Kabiljo,29
49729592,P. Draper,29
40524882,Mostafa Milani,29
2149915926,S. Lang,29
1700974,Barak A. Pearlmutter,29
1766422,A. Arasu,29
2110816404,Hui Ma,29
3793893,C. Griffiths,29
2146501046,Xiaohong Su,29
50136367,Alin Deutsch,29
4427645,Zhaoyang Niu,29
1767465,S. Kelling,29
30387454,Prabhat Mittal,29
2719313,Linghao Song,29
5459210,B. Seitzman,29
34945757,J. Boiten,29
37021971,Albert J. Keung,29
2100113493,Ameer Sardar Kwekha-Rashid,29
144489603,Ruben Casado,29
145771919,W. Wong,29
2370362,R. Howe,30
2116642787,Yao Xiao,30
2062880835,Patrick Scholz,30
144008442,Jonathan Bright,30
72095113,Yu Zhang,30
3335364,Dzmitry Bahdanau,30
1410652795,Kevin Yang,30
3685940,Timothy Hopper,30
2052609304,Katherine E. L. Cox,30
6391996,Evan Bolyen,30
2277853,Aditya Vailaya,30
2570016,Fabian Pedregosa,30
145681423,Alexandre P. Francisco,30
9733933,A. Hannani,30
1404602362,Abdulhadi Alzaidy,30
144270731,Haifeng Wang,30
3005971,R. Trasarti,30
26425038,Leanne Trimble,30
2108458186,Jin Liu,30
2446263,M. DePristo,30
1949818,A. Quamar,30
1390039794,Á. Pascual-Leone,30
145029414,Laurie Spencer,30
103155734,Peize Lin,30
153326605,T. Baker,30
3001348,Wanli Ouyang,30
1403811034,Aravind Sukumaran-Rajam,30
145043192,C. Ratanamahatana,30
5365043,Zhian N. Kamvar,30
3240918,S. Dodge,30
143906110,M. Holanda,30
2176381,Khuzaima S. Daudjee,30
5043495,Qingxia Wu,30
49243317,Kai Li,30
35988633,L. Toader,30
32589702,Gabriele Campanella,30
49790135,S. Shakyawar,30
50096877,Chengxiang Wang,30
6534571,Martin Kircher,30
47079359,Ananya Ganesh,30
4384657,V. Ehrenstein,30
3101298,Dmitry Pokholok,30
1749624,G. Memmi,30
143920977,A. Moody,30
2458659,Ioannis Alagiannis,30
1794636,K. Saraswat,31
1682528,M. J. Jesús,31
2168032,J. Braisted,31
1717179,Chen Change Loy,31
39150998,Huazhong Yang,31
144159418,J. Culpepper,31
4490562,A. Shapira,31
5538503,C. Abnet,31
144593304,C. Fan,31
34548938,Yongkai Fan,31
2115526972,Jianxin Chen,31
39496312,A. Sîrbu,31
1704327,Riccardo Guidotti,31
1728271,V. Prasanna,31
47260842,Leslie Rice,31
1751569,Samy Bengio,31
143868587,A. Oliva,31
2087076257,Xizhe Yin,31
2511907,Felix Halim,31
2416504,Kornelia M. Batko,31
1774928,H. Cao,31
46581019,Qiang Liu,31
153240174,Jinpeng Liu,31
1919795,D. Levine,31
3407874,Mark Ibrahim,31
10592076,Ashish Dutt,31
134251468,K. Jablonka,31
49500220,Jianyi Yang,31
9870307,A. Wang,31
1718510,Wei-min Li,31
2128676469,Yiming Huang,31
1962485,Malte Schwarzkopf,31
34243620,Parantu K. Shah,31
2701105,J. Demšar,31
144551170,Jian Tang,31
153468945,D. Estrin,31
145286037,P. Cortez,31
2067892164,Bin Gao,31
1783400,P. Combettes,31
145474210,B. Nemade,31
7401249,A. P. Y. Piontti,31
47002265,Li Yan,31
144212535,Hridesh Rajan,31
144175901,H. Wong,32
1745069,A. Barabási,32
32653213,Kareem Tarek,32
47766095,Logan T. Ward,32
143809890,A. Gunasekaran,32
1879141,T. Papadopoulos,32
5815686,J. De France,32
144056327,J. Veness,32
5408257,T. Teyler,32
1811529,A. Esteva,32
147869186,R. Alotaibi,32
10222217,E. Kubik,32
5178086,A. Chiolero,32
1876779,Ingo Mierswa,32
153096457,Qiang Yang,32
7570825,Qi-yi Tang,32
34582833,C. Finch,32
144669504,P. T. P. Tang,32
2550564,Wagner Boaventura,32
2629356,William K. Josephson,32
39703662,Mingchen Gao,32
1977220,Han Mao Kiah,32
103023651,M. Baloković,32
2341622,B. Hailpern,32
152456169,Tim Mueller,32
2694171,A. Souri,32
74186014,Gabrielle Appleton,32
66680362,H. N. Abduljabbar,32
2155784160,Xue Li,32
1403921831,Mariam Adedoyin-Olowe,33
46245288,Qinzhe Wu,33
2109081099,Xinyu Chen,33
145840115,S. Lawrence,33
2113952229,Zhen Peng,33
6084073,Riccardo Di Guida,33
2115343577,Nitin Gupta,33
66963236,Yesi Novaria Kunang,33
48401711,B. Alipanahi,33
2060655766,G. Irving,33
1871465,Theofanis P. Raptis,33
1801187,Essam Mansour,33
1565641737,François Chollet,33
49946978,A. Serga,33
1802448,T. Chiueh,33
1815329,Wei-Fu Hsien,33
3817732,Fangluan Gao,33
89579186,Tabatabaei Yazdi,33
2217840,Djordje Jevdjic,33
1682824,Julia Stoyanovich,33
51128964,Sietse Au,33
2671645,M. Assante,33
1859872,Chong-Jian Chen,33
143915524,Margaret H. Frank,33
1725956,J. Vitter,33
1746416,Soujanya Poria,33
144918359,A. Wiggins,33
98174258,Bilal S. A. Alhayani,33
46192896,Curtis S. Signorino,33
3360842,Moonsang Kwon,33
1717766,M. Kennan,33
2243335778,Wim Martens,33
1698684,M. Gaber,34
8132903,E. D. Cubuk,34
1891097,Erik M. Fredericks,34
9576855,Xingjun Ma,34
2080310633,Brian P. Kelley,34
3357578,G. Lekakos,34
69486668,Kuan-Ching Li,34
1979817,M. M. Najafabadi,34
2201530,E. Canfora,34
1693070,B. Ooi,34
144820005,J. Vandesompele,34
46429989,Nan Duan,34
116246793,Nithesh Naik,34
2084098271,Greg S. Corrado,34
2067914991,Dan Peng,34
120615721,Shuai Zheng,34
144139288,F. Rios,34
2069299218,Ping Lu,34
143962510,Zhengjun Zha,34
1717691,James Cheng,34
2767148,Yiwen Yin,34
144936828,R. Quiroga,34
9271959,Suraj Juddoo,34
1403960481,Daniel Arribas-Bel,34
3590526,K. Hoadley,34
152902698,Mário J. Silva,34
2427632,F. Breitwieser,34
143836878,L. Kaiser,34
40547215,Ido Singer,34
143804003,C. Tian,34
1696519,R. Rastogi,34
143695777,Y. Boutalis,34
2070431983,Sven Weber,34
1681148,Jinha Kim,34
1694512,Hassan Chafi,34
3300287,K. Butler,34
144049725,Tianshi Chen,34
2192780618,Jimmy Lin,34
8810543,Max Willsey,34
2072905592,Ming Jin,34
2157336893,Wei Li,34
145281809,Frederic T. Stahl,35
1460133323,M. Kłapa,35
2110064099,Ruojin Zhang,35
1718274,Riccardo Torlone,35
32353110,D. Jamsek,35
145148600,J. Bailey,35
2149200019,Tao Li,35
36685537,Lei Zhang,35
2349723,D. Akinwande,35
145341374,J. Schmidhuber,35
1395913345,Wole Jaiyeoba,35
145157784,C. Lee Giles,35
144067957,K. Mao,35
2110018952,Siyu Zhu,35
7653115,Longfei Qiu,35
2180399,Sebastian Schelter,35
2239632130,A. Patricia Ayala,35
2115996500,Hongning Zhang,35
66552339,Michaela Klöcker,35
144078686,Tat-Seng Chua,35
144962210,F. Nie,35
3786583,F. Rombouts,35
2238323908,Binny S,35
2747732,Ken Eguro,35
3788191,D. Fadrosh,35
46320513,Mansi Ghodsi,35
1961145,Bradley Voytek,35
144329939,C. Qi,35
7671146,Shugang Zhang,35
2631417,S. Athey,35
14443304,Moshe Lewenstein,35
2128523,Salman Salloum,35
1679469,S. Strohmeier,35
2057029,M. Raichle,35
145591745,Ilya Mironov,35
34917892,Djork-Arné Clevert,35
1403028422,Rafael Fernández-Moctezuma,35
143942875,H. Greenspan,35
3185333,D. Lazer,36
80273596,A. Vespignani,36
7186034,Yaoyu Cao,36
144123446,Song Guo,36
3158246,B. V. Merrienboer,36
83201140,Kevin M. Mendez,36
2505053,K. Liang,36
2196719,M. Craglia,36
2193834,J. Ordille,36
2489164,Raquel Pau,36
144397979,Bo Wu,36
39466716,Lida Xu,36
143910836,M. Wolf,36
91757842,S. Ananthavel,36
117272782,Christos Kozyrakis,36
6420805,F. Steemers,36
2445296,Royi Ronen,36
2810600,R. Pergl,36
144566888,Xin Hu,36
3237553,D. Borsboom,36
2150369369,W. Ng,36
2068671667,Shannon E. Ellis,36
3468679,A. Adem,36
1393644275,P. Cudré-Mauroux,36
38385690,A. Coppi,36
144696683,Nathaniel Price,36
38085614,Mohsen Marjani,36
1389945327,Ala Al-Fuqaha,36
35504262,S. Liao,36
3010003,Victor Zakhary,36
3596858,Huijia Lin,36
33825702,Damien Phillips,36
33006924,Dongsong Zhang,36
1409828392,Yunjun Gao,36
145710659,F. D. Du Prez,36
143836960,D. Flynn,36
51011129,Simon A. A. Kohl,36
2323893,T. Heinis,36
1950729,M. Maathuis,36
2493686,S. Pinfield,36
8549224,Jiguo Li,37
143865322,L. Sánchez,37
79405068,Dan Arp,37
35004726,J. Roldán,37
1740155,D. Nguyen,37
33641807,Mark Dokter,37
1731210,T. Rabl,37
2677488,Àgata Lapedriza,37
1696615,F. Yu,37
1753223,Alex Graves,37
32037613,P. Brown,37
50058359,D. Shuman,37
120550117,T. Doyle,37
2671552,M. Weirauch,37
144704038,Changqing Zhang,37
1764325,Radford M. Neal,37
4271913,C. Ekegren,37
2260885,Patricia Florissi,37
73776482,N. Sidiropoulos,37
143705836,J. Mcardle,37
39345350,Mengting Gu,37
2185912448,Bin Li,37
47319149,Sufang Li,37
47058370,C. Meno,37
143669775,A. Ganguly,37
39459981,M. Kosmala,37
144198209,Jingling Xue,37
2470869,H. Hoos,37
2808891,S. Corrall,37
2034091,Huiling Qian,38
40647665,Kate M. Bowers,38
2426939,G. Ladwig,38
2133437625,Shuangli Li,38
2529397,O. Griffith,38
2087620751,Bahzad Charbuty,38
2400119,Wengong Jin,38
47760854,K. Chowdhury,38
1737045,Y. Guan,38
1768190,Junzhou Huang,38
1967385,Zhenzhe Zheng,38
1750932565,Chudi Zhong,38
1940692,N. B. Anuar,38
144923779,Bin Yu,38
46655401,Chengqiang Lu,38
2288678079,Mohamed Najumuddeen M,38
1699192,A. Bonifati,38
2121201,Harumi A. Kuno,38
51198759,Andreas Grafberger,38
1723724,C. Cappiello,38
2598812,V. Stodden,38
144795713,D. Buckeridge,38
2123592,Caihua Liu,38
1964846,Yongkee Kwon,38
144641551,G. Alonso,38
2067479253,Michael Yeung,38
69513411,M. Suchánek,38
50320297,Q. Zheng,38
1860145,C. Benz,38
2443233,Xinggang Wang,38
1901958,Tengyu Ma,38
6665441,N. Riesen,38
144831784,M. Serrano,38
50079300,Xiaohu Li,38
145953515,Jianbing Shen,38
2007325129,Daniel Krentzel,38
144761176,L. Cassel,38
34185195,Karn Seth,38
1962611,Taneli Mielikäinen,38
3407296,Ziniu Hu,39
145525190,J. Pei,39
49408192,K. Tono,39
39168440,Harriet Alexander,39
1713934,Antoine Bordes,39
1693022,U. Leser,39
3254764,Gábor Szárnyas,39
2053062532,Benjamin Rath,39
2145057023,Yudong Zhang,39
11046985,R. Reka,39
2158115122,Yinghui Ma,39
114250963,Gregory Chanan,39
1802604,P. Koumoutsakos,39
49746834,T. Błachowicz,39
10237751,A. Nicchi,39
47464238,P. Véron,39
2045944,Julian Shun,39
80042659,Changlu Chen,39
2108844303,Hongzhi Chen,39
2121691833,Ariel Debrouvier,39
2084571753,Erica Forsberg,39
2112246116,Liang Xu,39
151474549,Meiyun Wang,39
2856207,T. Hengl,39
2278313975,Victor S. Sheng,39
30679042,Sayed Jahed Hussini,39
2268272,Emma Strubell,39
47581291,M. Litvinova,39
1826416,Anders Arpteg,39
35161586,A. Calí,39
2075420522,Tao He,39
1677386832,Arjun Subramonian,40
2109500825,Haikun Liu,40
1824271,Shaahin Angizi,40
1703238,L. John,40
40389006,Miguel E. Coimbra,40
144467753,I. Stoica,40
2541723,J. Prüfer,40
9100577,M. Asanov,40
8739091,N. Ali,40
145463228,Salimah Mokhtar,40
143930319,A. Gani,40
39501851,Grazia Vicario,40
3297552,Randal S. Olson,40
2140071418,Yeseong Kim,40
15806418,Feng Lyu,40
144928956,R. Ranjan,40
40477141,Federico Morando,40
1691320,E. Mannens,40
2664456,A. Bartolucci,40
2605200,N. Lachiche,40
35776445,Mingsheng Long,40
145959882,G. Litjens,40
2404552,Durga Toshniwal,40
144586053,Yang Zhou,40
1742135,Ziyue Xu,40
1736783,Chengcui Zhang,40
1744383,M. Jarke,40
4703080,E. Brogi,40
2474559,A. Hsiao,40
3793520,J. Vamathevan,40
49997612,Georg Seelig,40
40337361,Mitar Milutinovic,40
47212878,Sabyasachi Dash,40
2111192806,J. F. C. Silva,40
3445901,S. Curtarolo,40
2631572,B. Daniel,40
144022533,Jorge Pérez,40
138078008,Luc de Raedt,40
2340436,Mohammad Wardat,40
2109461904,Yizhou Sun,41
2511304,B. Fuchs,41
7653880,Sarah C. Kucker,41
4114666,S. Reinke,41
2060154,M. A. Syaekhoni,41
1933713449,Dieison M. da Silva,41
1801827,C. Chappert,41
143728876,G. Wei,41
2152940817,Sheng Liu,41
37375692,Y. Cheah,41
1388063052,I. Antonov,41
34176172,M. Wuttig,41
67275853,Sasidhar Babu Suvanam,41
1738210,Minos N. Garofalakis,41
2411193,B. Healy,41
40046694,Hongyu Ren,41
7862527,Mathieu Seppey,41
144560453,J. Ales,41
4058359,Mackenzie W. Mathis,41
2065605006,Neil I. Dewar,41
13290587,E. Peter,41
2290931964,Bill Cresko,41
145328899,K. Chakrabarti,41
150228028,Miklós Z. Rácz,41
3456687,Iqbal H. Sarker,41
1960843123,Andreas Gimpel,41
3135366,Shijie Feng,41
32782673,J. Silva,41
46234526,Alex Smola,41
2209029,V. Shalaev,41
30000987,Lihong Jiang,41
2692972,R. Abagyan,41
3000659,E. Papalexakis,41
2967882,Milivoj Simeonovski,41
35188630,George E. Dahl,41
34459632,Thomas J. Fuchs,41
1397959153,Gustau Camps-Valls,41
2176030144,Gautam Srivastava,41
1740145,V. Lempitsky,41
152972268,Vignesh Balaji,41
1783230,M. Rafanelli,41
40588148,Hao Zhang,41
2113912500,A. Osornio-Vargas,41
1740249,Xifeng Yan,42
46276515,Jianhui Li,42
2958756,O. Grisel,42
68991868,R. Palsa,42
103493906,R. Murphy,42
2064647873,Bin Ren,42
40354707,Hua Wu,42
2153202990,Mengxiao Zhang,42
153298784,Alican Dogan,42
2057000684,Ahmed Mahmoud,42
145139947,M. Devin,42
7232378,E. Magnier,42
2055791334,Lian Duan,42
2288717046,MD L. Nelson Sanchez-Pinto,42
1793884,Yanbo Huang,42
89037982,M. Madgwick,42
48918401,C. Vogel,42
1906270,P. Mohammadi,42
33107876,S. Feder,42
6596422,J. Zhao,42
39117790,K. Durski,42
2068657088,Zhong Hao,42
1922254,S. Anders,42
9959596,Allen P. Miraflor,42
81374793,C. Cichy,42
49526810,H. Hatanaka,42
2059337676,Padma Raghavan,42
2111223324,Jun Xiao,42
6450623,Jeff Nivala,42
1746705,A. Doulamis,42
2144209654,Xiao‐Ming Chen,42
2085348595,Helen Beatriz Frota Rozados,42
144019071,Philip S. Yu,43
1741283,R. Barzilay,43
49543466,Xu Liu,43
2419616,Yatao Bian,43
2158192043,Dong Chen,43
32007628,Yepeng Liu,43
2078196952,Ayya Alieva,43
52205085,Shanmukha C. Guttula,43
2149626,D. Botstein,43
1689945,X. Hong,43
50186315,H. Jayakumar,43
145011556,T. Chai,43
2075336537,Xia Geng,43
51332714,Xiangzhi Huang,43
2109839350,Jingjing Wang,43
40081201,R. Maas,43
152491504,M. Huebner,43
3311387,Dan Alistarh,43
144838131,R. Summers,43
1445956232,Leslie Vogt-Maranto,43
1720246,Jianshu Chen,43
144337552,T. Hara,43
1935526,Martin Johns,43
121696502,B. Stevens,43
47439845,D. Ball,43
144485183,A. Walsh,43
47415615,Chao Xie,43
2057126056,S. Mondal,43
120783473,Chong-chong Qi,43
2115384591,Lu Chen,43
30133456,Mohomed Shazan Mohomed Jabbar,43
1744700,Zoubin Ghahramani,43
2555876,Sumon Biswas,43
145325584,Jiawei Han,44
2935513,Chris Clifton,44
144827391,W. Ludwig,44
2896002,J. Vertesi,44
2108698841,HongJiang Zhang,44
2067827437,Ron Weiss,44
1679040,Shi-Kuo Chang,44
31303748,Ma Zhaofeng,44
2530831,Sathyanarayanan Manamohan,44
2153391126,Ying Zhang,44
143948775,M. Imran,44
1398809816,P. Furió-Tarí,44
1763220,K. Yacef,44
48448318,J. Dean,44
51312398,Lilia Sabantina,44
144231976,A. Swami,44
2319816,O. Shmueli,44
1962987077,Yong Li,44
144946488,T. Lappalainen,44
1717411,L. Ceze,44
1706010,C. Brunsdon,44
2127604,Soumith Chintala,44
2120479,A. Cori,44
144602192,G. Viswanath,44
2118263792,Pan Yang,44
145921529,A. Boltasseva,44
37754137,Isabella Nogues,44
2145199173,Yuyang Wang,44
51208883,J. McPadden,44
49066081,Nicholas E. Bruns,44
145229121,Chandan Singh,44
19274141,Hussain Ahmad Madni,44
2115698286,Xu Meng,44
3379838,Giacomo Marzi,44
51200310,Cristiano Ciappei,44
8453780,Xuehai Zhou,44
52184096,L. Bottou,44
2542999,T. Lillicrap,45
1585780832,Hellena Hempe,45
143663903,Adam Mark,45
116014026,Mikai Chen,45
2139634153,Wen-Tao Wu,45
144576599,M. Imani,45
32069527,D. Jain,45
2016801,Shreyas G. Singapura,45
2146311457,Feng Li,45
1713701,E. Szczurek,45
4459519,E. Blondal,45
2056807,D. Che,45
33791144,D. V. Carvalho,45
144707379,Brian Kingsbury,45
145708428,D. Kutra,45
4659177,A. Cherniack,45
4603017,Sudarshan A. Shetty,45
2108498897,Saurabh Singh,45
2144092657,Colin A. Smith,45
3401042,Andreas Rabe,45
31453285,Victoria Ellison,45
50845836,Anna DeCastellarnau,45
145451018,Mohit Sharma,45
152303545,Jean-Philippe Vert,45
2059911278,Kun Zeng,45
1678311,M. Welling,45
31449330,Eider Moore,45
145104644,R. Morais,45
143986385,Guan Huang,45
3077876,Zeynep Engin,45
2585415,Shirui Pan,45
2213731536,Justin M. Johnson,45
1863250,A. Pritzel,46
145824029,David Silver,46
1709598,R. Buyya,46
6468565,Hongsuk Nam,46
12268391,Greg Priessnitz,46
37602570,D. Wallach,46
1388063044,Robert Ginthoer,46
2058680586,Rebecca E. Gasper,46
1988955,L. Mirny,46
8556033,Komal Smriti,46
1754926,Michele Catasta,46
1861119,Veronika Thost,46
28552618,M. Hoffman,46
50473003,O. Ryan,46
1708341,Ravishankar Ramamurthy,46
2117807802,Yuan Jiang,46
2028614385,Shantanu Sharma,46
144189431,G. Holmes,46
2056082769,Michael J. Rosen,46
3223911,Christian Banse,46
1701081,C. Rossow,46
34724702,Joydeep Ghosh,46
27737939,Chuizheng Meng,46
1690341,L. Yang,46
144984672,N. Misra,46
1808594,A. Lippman,46
3224559,K. Akers,46
46855299,G. Tsatsaronis,46
150294933,Siena Dumas Ang,46
2115232728,Huadong Song,46
40025857,Kushal Datta,46
2457943,King-Ip Lin,46
49370597,Thomas Lengauer,46
1792856,C. Joslyn,46
2801204,N. Heess,47
46875778,Yaya Hao,47
152947675,J. Weber,47
92075383,F. Pan,47
144386157,C. Boldrini,47
25017334,B. Kolev,47
48395540,C. Rudin,47
2069989668,M. Atif,47
2288195,R. K. Ambasta,47
2285192915,Gary J. Hunter,47
31933283,S. Coleman,47
3437656,H. MacDonald,47
40596592,Mejdl S. Safran,47
3057007,G. Thut,47
144333396,Jeffrey S. Young,47
143614516,J. Gehrke,47
153583218,Mehdi Mirza,47
1394243406,Vojtěch Knaisl,47
144456394,D. Florescu,47
1987878,K. Goldie,47
1837061,G. Kamath,47
2586393,Scott T. Leutenegger,47
79850669,J. Ware,47
2114675478,Matthew P. Campbell,47
2258235,F. Lisacek,47
2981943,Lexiang Ye,47
3333045,D. Thanou,47
2074657,Z. Anwar,47
102934411,R. Azulay,47
1409363625,Svenn D’Hert,47
13729381,S. Sawyer,47
3046313,M. Salathé,47
143973917,James M. Tuck,47
47645184,Alex Kendall,47
1968210,Tom Erez,48
6419872,M. Beresna,48
2060099563,Sidnei L. B. Gass,48
1836606,T. Landauer,48
3025780,G. Varoquaux,48
145894365,L. Veiga,48
2318564,G. Forestier,48
1695860,Guangyu Sun,48
40452934,Dafang Zhang,48
3200794,C. Fan,48
48648791,K. Händler,48
3264408,Ibrar Yaqoob,48
1624030637,Li Yang,48
39294743,E. Hermsen,48
51026953,Eric Wong,48
151505981,Chiyuan Zhang,48
2110340773,Rajiv Gupta,48
2265002225,Philip Chen,48
2264425447,Chun-Yang Zhang,48
2285439911,Ana Klimovic,48
1402636333,F. Rovira-Más,48
2144447281,Chao Wang,48
1761763,T. Kim,48
145793889,D. Halperin,48
144091891,M. Hwang,48
2133482,A. Garg,48
1829362,C. Dervin,48
2579618,R. Thomopoulos,48
2587648,Tuomas Haarnoja,48
145153297,Hao Zhu,48
1772360,Yangzihao Wang,48
118860642,M. Hall,48
37643602,Dou Shen,48
9030720,Aleksandar Blagotić,48
1906816,R. Bastow,48
2145177486,Ming Zhang,48
1601319034,Eleni Karinou,48
1764912,Prabhat,48
144086902,D. Fink,48
1710966,Jürgen Umbrich,48
3178042,C. Servin,48
145720154,W. Park,48
2053777220,Andrew M. Cox,48
2109481,Yuval Tassa,49
121563830,P. Manning,49
1718383,K. Kritikos,49
1889986,A. Dhir,49
2023052,Rose Yu,49
5151034,J. Naughton,49
7765742,Ravi Sarveswara,49
48035607,C. Poindexter,49
2073815,Ralf J. M. Weber,49
2108592735,Shuai Liu,49
144122431,A. Kemper,49
3473834,Nadezhda Purtova,49
1836901,Marios Hadjieleftheriou,49
1398263014,F. Prenafeta-Boldú,49
47648651,Lixin He,49
3160707,S. Choi,49
2070431302,Simon Weber,49
1405335669,Daniel Caujolle-Bert,49
38697713,Bichlien H. Nguyen,49
2154897187,Yang I. Li,49
3006546,D. Shupe,49
2262177,S. Funk,49
1682816,Fei Wang,49
2205699,Dheevatsa Mudigere,49
143877861,H. P. Benton,49
48859109,Zhiyi Tang,49
1398914668,Mine Çetinkaya-Rundel,49
2113485136,Huang Fang,49
8783200,Xuda Zhou,49
80240841,J. Sousa,49
38758528,H. Geppert,49
38767143,W. Yu,49
3464282,Noel A. Card,49
3422872,Dan Hendrycks,50
2885907,S. Xi,50
1840402,Manos Athanassoulis,50
2108594617,Lizhe Wang,50
144649765,S. Shams,50
46584000,Johannes Köster,50
2741023,Miyuru Dayarathna,50
145749443,I. Abdelaziz,50
2090818,M. Isard,50
1807507,N. Pelekis,50
96014865,M. Broughton,50
2072740070,J. Hsu,50
118188949,Shangping Wang,50
1918754,K. Zhan,50
1393265427,C. McCague,50
37894256,L. Beer,50
144843868,Brandon Haynes,50
143982862,David P. Woodruff,50
2261850659,Abbas M. Al-Bakry,50
1752343,V. Times,50
47110395,M. Jackson,50
51218701,J. Popp,50
1887371,Jin Shieh,50
3159707,O. V. Rest,50
3071383,Ioannis Partalas,50
48469973,Tianzheng Wang,50
3119819,G. Atluri,50
1782928,B. Bordbar,50
1403183828,A. Landuyt,50
2058362,J. Gilmer,51
144290348,Guohao Dai,51
1780731,Giannis Verginadis,51
2108123010,Jingyu Zhang,51
2848948,Donovan H. Parks,51
4949172,O. Nureki,51
145704191,A. Bernstein,51
3382412,Minxuan Zhou,51
40833997,Dmitrii Kochkov,51
49455213,Ye Zhou,51
11425569,J. W. Allwood,51
152512193,J. Moore,51
35099275,S. Hicks,51
2150744,D. Acharjya,51
2139962580,A. Gani,51
115904337,J. Rudy,51
2057173,U. Rührmair,51
144934701,W. Fan,51
36356769,Michael Szubartowicz,51
144616010,M. Huber,51
66969655,José Hernández Orallo,51
145188857,A. Elmagarmid,51
1733879362,Xianbo Deng,51
987655045,Chao Wang,51
143668698,G. Leus,51
145837716,Xiao Yan,51
2150596727,Li Song,51
24447797,Julien Mariethoz,51
1743709,Jiannan Wang,51
113027219,Yong Zhao,51
41231471,A. Micheli,51
1743564,Yanmin Zhu,51
2004689620,Gaojie Lin,51
4194401,Ross M. McBee,51
2258272369,Kyle Cranmer,51
145704247,James Martens,51
1812396,P. Hostert,51
40119435,A. Mazzoleni,51
5345848,Romain F. Laine,51
2066454935,Simon Koch,51
34814856,R. Peng,51
2237403667,Amjad Ali,51
3121740,J. Siegel,51
123398584,Wouter De Coster,51
15698847,Weike Ye,51
1410112765,Geoffrey Y. Li,51
40627523,Balaji Lakshminarayanan,52
1698675,Bennamoun,52
1700762,R. Gao,52
145447232,Qi-hui Wu,52
2099539780,S. Afzal,52
145097675,N. Yamada,52
3407277,Adam Paszke,52
2701137,M. V. Sande,52
2129500986,Yinglong Zhang,52
73617224,Josiline Phiri Chigwada,52
2107105574,Tao Yu,52
2849472,M. Krötzsch,52
144931354,K. Harris,52
71666838,Wei Lin,52
143679841,Huy L. Nguyen,52
1802726,Heiko Paulheim,52
48772024,Qian Chen,52
145253407,G. Heuvelink,52
3018223,X. Geng,52
143934208,Tim Becker,52
46881670,Chelsea Finn,52
145271132,Kun-Lung Wu,52
52067079,Meinolf Blawat,52
47234324,M. Slee,52
2840689,A. Callahan,53
49164165,Liwei Hu,53
2944486,Fabian Yamaguchi,53
94385031,Sheng Wang,53
5837434,R. Ishitani,53
2969337,I. Mccallum,53
49244945,J. Lehtinen,53
9716460,Nima Dehmamy,53
97233415,W. Liang,53
9106080,E. Bekirov,53
2398416,Jia-Fu Chang,53
1399162888,David Lähnemann,53
2161651957,Nicolas Mir,53
1703189,P. Frossard,53
2465749,C. Chelmis,53
41200687,K. Chambers,53
1400458662,A. Gkoulalas-Divanis,53
26289824,Safiollah Heidari,53
2082362451,A. Haworth,53
2144448298,Chao Wang,53
35641358,S. Shilo,53
50978529,E. Wilkins,53
1694850,M. Chaves,53
35479753,Christopher N. Takahashi,53
1393630358,L. Liz‐Marzán,53
2693100,Kanda Runapongsa,53
2269971203,Wasnaa Kadhim Jawad,53
144683061,S. M. Moosavi,53
47835189,Qi Zhang,53
2237824370,I. G. Cohen,53
3012649,Christian Janiesch,53
35941003,M. Fernández,53
2809250,Manolis Kellis,53
3132693,Andrew P. McAfee,53
1680649161,Kuanishbay Sadatdiynov,53
145555027,A. Zhu,53
16660204,Jonás Hruska,53
143751119,Jitendra Malik,53
4908509,Ben Kreuter,53
2548167,A. Karpatne,53
1787610,J. D. Tygar,53
32889695,Lukas Rieger,53
1518270846,K. Mu,53
1470716407,Meng Jiang,53
3008587,Xingjian Shi,53
2109559620,Seojoo Kim,53
2027137715,Hanyun Wang,54
145881292,R. Stoica,54
52200573,V. Michel,54
1410066063,Yuan Xie,54
40259011,Dan Wu,54
2406794,Oksana Yakhnenko,54
10375334,Xiaodong Zhang,54
3255983,Volodymyr Mnih,54
35889373,Huiying Liang,54
2109603566,Ge Yang,54
2115604214,Richard Evans,54
40501144,Augustin Zídek,54
39793298,Sam Gross,54
2065251344,James Bradbury,54
2144586446,Jin Yang,54
1399205325,Fernando Martínez-Plumed,54
1701130,D. Patterson,54
48703443,S. Boixo,54
2354124,M. Babiuch,54
145949098,Lei Xu,54
1752784087,Jianying Hao,54
2633160,B. W. Yap,54
3152086,Shuangchen Li,54
1811090,T. Huan,54
1798975,J. Stausberg,54
1849503,Wentao Han,54
47104434,Ravi U. Sheth,54
144232630,Kyuseok Shim,54
1761310,C. Quix,54
39535060,A. Johnston,54
3212908,Daniel L. Oberski,54
1723344,M. Corbetta,54
2633015,Megan Thomas,54
2116018493,Yixin Liu,54
34432960,H. Sørensen,54
31764087,Mark D. Wilkinson,54
143998072,O. Kohlbacher,54
8163866,Qingyong Hu,55
2404933,Q. Malluhi,55
153850982,Yuze Chi,55
1770962,A. Halevy,55
2143717442,Jin Wang,55
67004996,Alexander Powell,55
1775622,Moritz Hardt,55
49198618,Lisha Ma,55
73767790,Chuangyi Gui,55
144906813,Philipp Schmidt,55
2337683,N. Beerenwinkel,55
103043132,Sheng Chen,55
32421869,T. Erickson,55
2364487,Alexandre Robicquet,55
143621764,C. Waters,55
48594758,Weihua Hu,55
1700118,K. Rothermel,55
143803467,M. Braverman,55
2115219530,Juncheng Fang,55
2115294456,Cheekong Lee,55
153792169,Xiaowei Zhu,55
2526126,Baptiste Lepers,55
2115684309,Yang Xu,55
2077631368,Miroslav Goranov,55
1748808,Xindong Wu,55
145404727,O. Ogasawara,55
3110092,Marko Toplak,55
8247706,Yangyong Zhu,55
2660113,Shengyi Pan,55
2044599,D. Hafler,55
1682100,P. Watters,55
50132502,Gediminas Mikutis,55
3308557,Sepp Hochreiter,55
2494447,Amelie Chi Zhou,56
2217294515,J. Song,56
145707609,M. Yabashi,56
1810701173,Fei Wang,56
1454226629,Janne Hellsten,56
9129510,A. Dahbi,56
10048126,Saurabh Bajaj,56
2151570274,Qi Wang,56
1405061488,Alberto García-Durán,56
1779997,L. Tanca,56
50329527,U. Sommer,56
2313499,M. Viant,56
1800213,R. Urbanowicz,56
145947929,X. Shen,56
71790825,Daxin Jiang,56
2005420621,B. Hameed,56
48670629,Xiaolin Xu,56
2057992754,Byoung-Kee Yi,56
144339350,Galen Andrew,56
144116132,Changxing Ding,56
2147608,K. Gunderson,56
41020817,Pranav Mamidanna,56
41181187,Maximilian Marx,56
1792647,Zhihan Lv,56
2121701124,Valeria Soliani,56
1724392,S. Dolev,56
34708074,S. Yim,56
1617273833,Sara Hernández-Pérez,56
51017707,Kuruva Lakshmanna,56
19225295,Karl Kumbier,56
2797656,P. Carns,56
1732475,G. Viscusi,56
7377735,Yunji Chen,56
2153911296,Yi Zhang,56
2100621,Linwang Yuan,56
2112281287,Lei Xu,56
2115405616,Jing Lu,56
2520493,R. Shokri,56
1739816,D. Yeung,56
87275182,B. Shen,57
47825543,Wenyong Wang,57
145564250,Kyle Swanson,57
1933765224,Jakob Gutschlhofer,57
2057077880,H. Tran,57
1441363881,Stefanie Warnat-Herresthal,57
2143786389,Zhi Chen,57
145183709,J. Weston,57
145340634,S. Feng,57
1403076106,Michelle Wilkerson,57
6263893,Ellah Matshediso,57
1792298,Marc G. Bellemare,57
49028813,L. Taylor,57
2506169,Rajitha Gopidi,57
31451963,R. Iemma,57
145993580,E. Ahmed,57
1723793,D. Cheung,57
31945113,Oz Nathan,57
2262442,D. Kopanaki,57
123317039,Shikha Agrawal,57
50793091,S. Chawla,57
1739503,A. G. Baydin,57
1506548883,Erick Oduor,57
3314639,Panayiotis Smeros,57
143612374,M. Ismail,57
31209958,Huned Materwala,57
2343019,A. Buczak,57
1729840,P. Branch,57
41219567,W. Meyerson,57
144236522,A. Amir,57
46550919,J. Leek,57
2053385052,Fernando Almeida,57
2145774899,Chengjie Chen,57
143632492,L. Pádua,57
2066277988,T. Mitchell,57
2434904,Ziang Hu,57
4671709,Vinay K. Kartha,57
2452441,Simon Caton,57
2629067,Shadi Ibrahim,58
102638867,Luka Rimanic,58
2065660620,Nikhil Gopal,58
3206528,Benjamin J. Ainscough,58
5606764,K. Diederichs,58
9406380,Ronak Bajaj,58
65925190,Jisu Kim,58
144060550,M. Hayajneh,58
49894665,Jing-Yu Mao,58
1712019,D. Ziou,58
32559865,A. Ehrmann,58
11805340,E. Eastoe,58
145659296,Yong Ren,58
100893630,D. Driggs,58
2275848903,Itay Goldstein,58
2155440046,Bo Liu,58
15026129,H. Riesen,58
2623167,Matt Fredrikson,58
2041523,Raquel Trillo Lado,58
1776308,S. Maxwell,58
144335550,P. Leitão,58
1925072,H. Liu,58
145131947,Lei Wang,58
2467795,H. Krumholz,58
1717018,M. Gerstein,58
2166424886,George Lee,58
2567677,N. Varoquaux,58
40348219,Hai Helen Li,58
1736107,Zhiyi Ma,58
143753639,A. McCallum,58
2216377,Kaichun Mo,58
145527641,K. Salem,58
1986735,James H. Faghmous,58
1697867,S. Kotsiantis,58
51433108,P. Jaeger,58
145309779,Xiangping Li,59
1749012,Gareth Tyson,59
1445301871,Thomas M. Vogl,59
31968669,G. Tyson,59
2976930,Tero Karras,59
27257992,Mathieu Blondel,59
2114957681,Philipp Skavantzos,59
1567584468,Christian Fischer,59
145435830,H. Cunningham,59
143643017,R. Levy,59
145330425,Xinfeng Xie,59
17775913,Aleksandar Makelov,59
46965289,Gang Chen,59
3026841,R. Lukyanenko,59
2286418480,Hong Zhou,59
80938908,Qingsong Lai,59
47909531,Yan Liu,59
1742040,L. Daudet,59
39420255,Y. Rubinstein,59
2070897,E. Viara,59
1403103012,M. Bellott,59
31106086,T. Takagi,59
1692039,Liehuang Zhu,59
1402348047,Alfredo Cuesta-Infante,59
1710757,Quanzhong Li,60
1689256538,Bojan Karlavs,60
7785557,B. Westra,60
24040678,S. Latif,60
9286397,Shilpa Ankalaki,60
143627859,Joan Bruna,60
144979831,Alex Dunn,60
143846212,S. Swanson,60
2106531491,Q. Shi,60
49943757,E. Cambria,60
2748632,Stefan Plantikow,60
1933858,G. Pastorello,60
48691506,Shanzhuo Zhang,60
3080683,Shaoqing Ren,60
2234197721,W. Dunn,60
2146274587,Qian Li,60
93374681,Chengshuo Xu,60
144877760,W. Minor,60
1713648,T. Hoefler,60
144243819,Abhinav Jain,60
2181972083,Vishal Thomas,60
34578782,L. Poisson,60
2490652,Stefano Ermon,60
1712168,Wenguang Chen,60
143666627,M. Franklin,60
1750487,N. Shroff,60
1691549,D. Mollura,60
145249669,D. Maier,60
152575374,Fábio C. P. Navarro,60
2048836799,J. Barrett,60
1974037,K. Duraisamy,60
40329838,Pei-Yuan Hsiao,60
2066641,Reynold Xin,60
1805405,H. Small,60
143724861,Daniel J. Hsu,60
145149132,R. Bie,60
2245390226,Bart Goethals,60
2285196231,Leonid Libkin,60
2152508555,Lei Wang,60
2277396,Tobias Emrich,61
2113248601,Thanh Tran,61
2144238,Davood Rafiei,61
1710018,Vera D. Khovanskaya,61
1981923,M. Pesaresi,61
1728602,S. Dumais,61
6440741,H. Alshareef,61
3056963,A. Fikes,61
3030274,A. Doan,61
144255847,P. Valduriez,61
2341999,P. Selmer,61
145917501,Christian S. Jensen,61
49688447,C. Vallejos,61
7634925,H. V. Hasselt,61
143999762,A. Conesa,61
2178209,J. Hoblitt,61
143719920,D. Tao,61
1391661732,Markus Rudy,61
2608638,B. Kim,61
143653681,Shuicheng Yan,61
50371588,Rob W.W. Hooft,61
146714837,F. Horn,61
145106564,Thomas Donoghue,61
2285618955,Tao Zhang,61
2848003,Fernanda Hondo,61
145155297,L. Khan,61
1402654850,Grace O'Maille,61
145406421,T. Xiang,61
2360190,Youssef Gahi,61
2333981,A. Rula,61
38039604,Eva J. Lewandowski,61
1753333150,Vasilis Papastefanopoulos,61
1688561,H. Kriegel,62
145887004,V. Sharov,62
2168047,M. Ouzzani,62
8566633,Richard A. Bauder,62
3149531,Arthur Szlam,62
2108255744,Jiming Chen,62
15752694,S. Mintenig,62
48662003,Xiaokang Wu,62
2054403408,Lei Hua,62
1782366,M. J. Nueda,62
2057278194,R. Paul,62
2373486,J. Ehrlich,62
144598189,P. Henrys,62
2057581,Carsten Haubold,62
79690137,Chaoxi Niu,62
1767709,Alexey Radul,62
51258296,Abanti Basak,62
3914622,A. Cortajarena,62
145639495,Reinhard Heckel,62
2151355988,Xuanzhao Pan,62
2118167859,Fei Liu,62
1695689,Geoffrey E. Hinton,62
2802655,Omid Alipourfard,62
2530948,M. Reichstein,62
144357385,M. Spitzer,62
1804361,Dong Dai,62
2661025,B. A. Y. Arcas,62
1718168,N. Mamoulis,63
2093122576,Hui Xiong,63
143667002,Peng Li,63
34665139,Zhenjiang Dong,63
2145786536,Jingbo Zhou,63
6350222,Su‐Ting Han,63
145291669,Bolei Zhou,63
2175946,L. Sifre,63
1955259,A. Ching,63
1411232800,D. McCord-Maughon,63
2027648,J. Saltz,63
1692688,Yuri Boykov,63
2116548604,Li Zhao,63
2262405,Shobha Venkataraman,63
2121692039,Matías Perazzo,63
1825498,Ikbal Taleb,63
46458150,Ling Liu,63
145916712,K. Han,63
1380665068,Steph-Yves M. Louis,63
51934225,Ahmed Musaafir,63
5024665,K. Busam,63
51219288,C. Torre,63
4315636,G. Shioi,63
1405625449,R. Abbasi-Asl,63
5681005,Y. Kodra,63
98150490,Yong Hu,63
144431498,M. Brady,63
4646498,Samuel A. Inverso,63
2184228,H. Butzkueven,63
1723035,M. Renz,64
50295995,Xiaoou Tang,64
2462340,S. Bodenstedt,64
93088018,Peter M. Full,64
145745762,J. Majumdar,64
32826718,Henry E. Brady,64
1398730731,Md. Noor-A.-Rahim,64
1780833,N. Andrienko,64
2693065,Lihang Liu,64
2542404,J. Pearson,64
2156232708,Huaicheng Sun,64
1799060,S. K. Narang,64
145029825,Antonio Ortega,64
2256269656,Dr. S. Sukumaran,64
2288203548,Xuehai Qian,64
144658846,M. Arenas,64
2117689925,Xiao Lin,64
71946151,Assef Jafar,64
1750924,Demetri Terzopoulos,64
145993598,K. Heller,64
1405597277,A. Kempa-Liehr,64
145843577,Zheng Yan,64
1820357658,J F Rachel Lu,64
6084178,J. Kosmicki,64
1736651,S. Levine,64
144152608,Hossein Hassani,64
2431019,H. Mousannif,64
2834370,Y. Wiersma,64
1806271,V. Pande,64
2676247,Mang Ye,64
6806239,M. Hanna,64
1412757151,William Byron,64
1699259,Hussein Mohsen,64
2385206,O. Isayev,64
48259195,J. Ribaut,64
115529154,Luiz Olavo Bonino da Silva Santos,64
145717790,C. Chambers,64
3221975,Andreas Züfle,65
144050039,K. Jensen,65
2705260,Y. Joti,65
3088847,F. Asnicar,65
2737276,Ben Langmead,65
3730735,C. Ellingsen,65
1687211,P. Boncz,65
143972996,Fatma Özcan,65
144055554,X. Zuo,65
28961455,Razen Harbi,65
2207212,Sungpack Hong,65
46989434,K. Read,65
49986197,K. Antell,65
47571885,Ping Luo,65
1725561,Michael J. Cafarella,65
2249182100,Michael D Walls,65
1729804,S. Yekhanin,65
7759325,V. Khikhlovskyi,65
39460558,Debnil Sur,65
2228185935,Shangguan Wei,65
2066084551,S. Kaushik,65
2527511,H. Cartwright,65
2150926755,Rui Li,65
48094094,James Ze Wang,65
2155660014,Jun Zhang,66
1709784,A. Maccioni,66
2133918109,Rachel Arnold,66
1907688,M. Aittala,66
3083436,A. Fert,66
8493461,B. Thirion,66
1739998,M. Chang,66
70039026,C. Blome,66
2067125343,Vishesh Garg,66
2108355738,Panpan Wang,66
145903871,Michael H. Böhlen,66
1403230423,Keila Pena-Hernandez,66
145554538,A. De Paepe,66
88992497,Nezar Abdennur,66
1387988163,A. W. R. Nelson,66
3698192,Jaime S. Cardoso,66
35111103,I. Mihailovic,66
72501395,Jitendra Agrawal,66
1740931,Didar Zowghi,66
69503986,Blessing Chiparausha,66
88493891,A. Ahmad,66
2124823801,Chun Zhang,66
1687735,D. Maltoni,66
2869958,Adrian Vladu,66
2235459675,Karl L€ ofgren,66
3302972,K. Bereta,66
1909879,Aimad Karkouch,66
144774721,M. Mahmud,66
143813668,Chenxu Wang,66
1956588,Huanhuan Wu,66
1768541,V. Deolalikar,66
152292148,J. Huang,66
40537606,Ammar Gharaibeh,66
144304984,Rui Xia,66
1695576,J. Hellerstein,66
1683936,Sameh Sorour,66
49988044,Joseph E. Gonzalez,66
2212030,Antonio Marcedone,66
35556406,Aaron Schram,66
2681954,Y. Gal,66
145337328,Yu Xiang,67
48806258,Ziwei Zhang,67
3212020,Abdelhak Aqqal,67
2116378888,Guihai Chen,67
1398264223,R. Jiménez-Peris,67
2820923,Max Kießling,67
2070769802,L. Solima,67
2920699,David Turrà,67
1746650,W. Burleson,67
2274274,R. Pinquié,67
49186479,J. Watkins,67
1731199,M. Bethge,67
31904485,Samir Passi,67
118242121,Chaitanya Ahuja,67
1396841807,A. D'Amour,67
2234493,Wenxiu Ding,67
118691100,Vidushi Dadu,67
153699425,Mingjian Jiang,67
48505909,A. G. D. Oliveira,67
11158019,D. Cole,67
2284953,Paul Theodor Pyl,67
49556529,L. Cincio,67
38958690,A. Frank,67
2841157,Erik Brynjolfsson,67
8223433,Devamanyu Hazarika,67
2660835,Zhaoyuan Yu,67
7690785,Roee Amit,67
2525772,A. Danyluk,67
24178944,S. Mohanty,67
97594729,Yi Alice Wang,67
143791100,Siyuan Ma,67
152864672,C. Haas,67
1398799093,J. Alcalá-Fdez,68
144572641,Kiyoung Choi,68
1740639,Adeel Razi,68
108118526,S. Luckeneder,68
3154682,R. Harshman,68
39060992,Murtaza Haider,68
19302914,Hassan Ismail Fawaz,68
2108591146,Shuai Liu,68
6005171,R. Lebelonyane,68
2265001,Haibo Zhou,68
27492553,C. Baker,68
20154699,D. Murray,68
87738912,Zhiyong Peng,68
35153466,E. M. Pereira,68
36347083,Andy Davis,68
145929920,O. Mutlu,68
3797258,Z. Obermeyer,68
1569407237,Thomas Zynda,68
145100089,B. Qureshi,68
92146715,Jian Yuan,68
5993610,M. Zwietering,68
144823759,Dan Suciu,68
145962204,M. Pietikäinen,68
1447030685,Jiapei Feng,68
144461639,Alejandro Ribeiro,68
1746733,Manolis Koubarakis,68
1751579,Tony Nowatzki,68
5932099,Evan N. Feinberg,68
1714264,S. Chatzichristofis,68
30004936,K. Heinrich,68
2110051149,Wan-Ning Wu,68
7479156,F. L. La Sorte,68
3618630,D. Taruscio,68
145902555,Thiago Vieira,68
2090208526,Zak Evernden,68
1688338,Alexander D. MacKerell,68
3372357,V. Gomes,68
145829303,Jiaxuan You,68
144966319,Miguel Branco,68
34226565,Sangyeun Cho,68
39558258,S. García,69
1716522,J. Krogstie,69
39224389,A. Iyer,69
1696937,U. Maulik,69
37000067,Nils E. R. Zimmermann,69
2051250,Rameshwar Dubey,69
1722180,Ryan P. Adams,69
144849745,R. Baker,69
2150598816,Liping Song,69
1484039896,Tim Green,69
7322490,Guangquan Xu,69
51058841,Walter Samá,69
2808975,Derya Birant,69
2057642721,Martín Abadi,69
2581628,Frédéric Segonds,69
2092402029,Mingyu Gao,69
38188040,Dong Xu,69
143991343,E. Segal,69
2145179412,Chuanquan Zhang,69
1724027,E. Curry,69
2108930648,Jin Zhang,69
1949827,Chafik Bouhaddioui,69
1705151,M. Tamer Özsu,69
48724197,A. Sandhu,69
1745732,M. Charikar,69
1915738,Chunsheng Zhu,69
145703442,M. Mozina,69
1799502,P. Manghi,69
2861212,Leen Lambers,69
1703521,F. Orejas,69
3446883,T. Adão,69
2065456437,Feng Guo,69
5995871,John E. Herr,69
1836456,R. Spreafico,69
5430731,Taehoon Ryu,69
1690014,J. M. Guiu,70
2789936,M. Thiagarajan,70
50322376,Joseph Kaye,70
1681824,S. Schade,70
1777308,E. Alm,70
2128102841,Zhihao Wang,70
145331607,W. Lu,70
1739875,Fan Wu,70
1728335,D. Firmani,70
2286832947,R. Kannan,70
2144219662,Hao Wang,70
117539586,Zico Kolter,70
1703472,Fabio Pinelli,70
4455509,Narendra Kurra,70
33479644,Stephen W. Hartley,70
1770414,Paolo Naggar,70
72466489,Chris Kollen,70
987655040,Wenyu Liu,70
2262891,Santiago Segarra,70
2188367935,Na Liu,70
143613202,F. Ciompi,70
40986133,Grace B. Schwartz,70
4673329,R. Eggo,70
144296149,Kan Yang,70
1939440,Duane Rinehart,70
2119264540,Di Wang,70
144493753,W. Huber,70
1701686,I. Sutskever,70
2570825,Hongjie Chen,70
144768011,Claudio Gutiérrez,70
1803567,K. Veeramachaneni,70
3182634,Tyler Akidau,70
2997247,Sam McVeety,70
144678728,C. Romero,71
46276394,J. Li,71
34580886,R. D. Virgilio,71
49143963,M. Boulos,71
2488489,A. Trivedi,71
2842389,A. Haidine,71
52113800,Patricia Prüfer,71
987654592,Jian Sun,71
1694224,C. Renso,71
2391727,Casey Dugan,71
35099444,A. Guez,71
96997078,Riyaz Ahamed Ariyaluran Habeeb,71
1749650,B. Frey,71
35175146,T. Euler,71
144011520,D. Hutchison,71
2078690422,A. Freitas,71
145139019,E. Banks,71
1713653,Roberto Posenato,71
145008629,J. Parsons,71
145826495,N. Xiong,71
145258476,T. Cheatham,71
2942126,Panagiotis G. Ipeirotis,71
145696688,J. Dekker,71
50126864,Joshua Goodman,71
83539859,Rex Ying,71
1857210,Chuan Zhou,71
2423230,L. Breiman,71
144515297,M. Tsolaki,71
2746913,Tianyi Song,71
1717436,Jiguo Yu,71
7327503,Tijl De Bie,71
46916438,R. Balling,71
114449847,Hyeli Kim,71
1697337,J. Bacardit,72
145198179,Gi-Joon Nam,72
1854385,Çaglar Gülçehre,72
1876123,A. Eldawy,72
144241818,A. Mukhopadhyay,72
3228620,Divya Tomar,72
2588203,Chun Chen,72
2074289230,E. Williams,72
14800561,Annika Nietzel,72
1681095,Ernestina Menasalvas Ruiz,72
39205442,Milan Agatonovic,72
2827559,Zoi Kaoudi,72
1948630,Brian C. Shults,72
36542656,J. Dowling,72
2283938337,Dishita Naik,72
2144355103,Yang Chen,72
40599157,R. Righetto,72
4044164,C. Zheng,72
1422137269,H. Ebendorff‐Heidepriem,72
143914287,J. Merino,72
3233701,Ziyu Lv,72
48003143,He Yu,72
2112264042,Lang Gao,72
32750186,S. Holmes,72
2697906,S. Venkataraman,72
144810428,M. Doan,72
1761236,N. Servant,72
145461473,Qi Guo,72
2072422622,Vladimir Ivanov,72
1726428,N. Samatova,72
2465270,Thomas Unterthiner,72
67022972,Zhijin Qin,72
2092392423,T. Currier,73
2079716,E. Pruesse,73
1741519,A. Gerstlauer,73
1740261,S. Khan,73
2717408,A. Koelmans,73
2398506,Mehdi Sookhak,73
145205567,A. Ashari,73
2645384,K. Kavukcuoglu,73
5770276,Daniel S. Kermany,73
48003259,Haifei Yu,73
2453381,Diana Hristova,73
50384351,Qingqing Liu,73
1380260980,H. Flewelling,73
143970078,D. Agrawal,73
143924672,Sebastian Kruse,73
9049714,M. Sudmanns,73
2047998,Yuxiao Dong,73
151167821,Petr Foltýnek,73
35106192,P. Barceló,73
144588566,A. Chumak,73
2110618928,Jie Gao,73
1731709,P. Fieguth,73
6050881,B. Verstockt,73
6660476,S. Zwolinsky,73
36526409,Joe G. Greener,73
3031046,Nima Elyasi,73
144823472,P. Scheuermann,73
2828296,R. Kompella,73
82317852,S. Damerow,73
47119564,Xiran Wang,73
1743831,O. Milenkovic,73
1787894,Luke M. Leslie,73
143743802,Artem Babenko,73
2030964,Cherkeng Heng,73
120860510,P. Weiss,73
145311475,R. Ross,73
144328559,J. Doty,73
1806369,Eftychios E. Protopapadakis,73
41193045,Heng Xiao,73
2108724347,Zeke Wang,73
2109083,R. Lebofsky,73
39519033,X. Xiong,73
2064776612,Ke Bai,73
1423751237,A. Munappy,73
1393591007,J. Domingo-Ferrer,73
46382448,Hong Li,73
1762869,A. Sathanur,73
39353098,Kaiming He,74
118012992,T. Ross,74
8243043,Tianhao Huang,74
2045564,Cyrus Afrasiabi,74
34659351,Mário A. T. Figueiredo,74
2621302,A. Baid,74
71916001,A. Jarno,74
48319740,Peng Wang,74
2868254,Henri Heiskanen,74
6642629,Bazghina-Werq Semo,74
2556428,A. Khosla,74
1739500,D. Ardagna,74
143908700,Anding Xu,74
1714996,Y. Theodoridis,74
6415958,D. Sengupta,74
3286242,A. Nayyar,74
66482554,J. B. Foote,74
2119043585,Kun Wang,74
2048167730,M. Roberts,74
2713842,Brian Knott,74
2359832,Hongya Wang,74
1758404,John Douglas Owens,74
117654235,A. Richter,74
38804742,Vishal M. Karande,74
49865252,Zhicheng Chen,74
1683053,A. Acquisti,74
50460699,Konrad Weiss,74
8803433,Srikanth Thudumu,74
151250454,Vitor Werneck Krauss Silva,74
2288644920,Minlan Yu,74
2247227,Yanli Zeng,74
41016725,Thomas Kipf,74
144478906,S. Madden,74
2061649994,Tom Young,74
145240485,S. Schmidt,74
38804760,Ting-Peng Liang,74
4902441,O. Järv,74
3152861,D. Martinenghi,74
80025697,D. Roman,74
1381460239,A. Yoon,74
119723024,John T. Hancock,74
5072734,Wentao Wu,75
145239852,Sebastián Ventura,75
2982449,F. Glöckner,75
2586969,Lorena Etcheverry,75
2840980,Patrick Stuedi,75
2554622,Zhihuan Song,75
2219955175,Daniel ten Wolde,75
153547028,M. Kooi,75
40389152,J. Henshaw,75
144520698,R. Walle,75
65827603,P. Steblinski,75
1408396549,C. C. Coello,75
27755593,L. Denneau,75
2081346,J. Lucas,75
2118927221,Shivam Gupta,75
2156641189,Bowen Liu,75
153809986,S. Jarvis,75
49491404,R. Daza,75
39352108,Anja Rey,75
2055456335,Josh Andres,75
9251894,Chou-Chen Yang,75
2150609388,Chenghuan Huang,75
144578395,R. Janssen,75
1774815,M. Amberg,75
2130496757,Yicheng Chen,75
1851562,A. Staric,75
1689735,Jianhua Sun,75
2149869431,Jie Li,75
1776817,R. Grossi,75
3087426,Ryan Stutsman,75
2068146094,David P. Hughes,75
2655459,Heiner Litz,75
51189305,Han Qiu,75
1398777358,J. Hernández-Orallo,75
2111389723,Hansol Choi,75
1776014,Ce Zhang,76
51925440,Joffrey L. Leevy,76
49074845,Timothy Putman,76
1697397,P. Vandergheynst,76
2114675387,M. Campbell,76
3360757,Samantha N. Jarosewski,76
2617974,G. Gou,76
2056679359,E. Chu,76
48354147,Zhenghua Chen,76
2146418369,Yi Jiang,76
2064961834,Gautam Srivastava,76
150302778,Senthilkumar Mohan,76
145668771,C. Castillo,76
2000187,Panos Kalnis,76
2055144702,P. Price,76
66368615,Meelis Kull,76
153440022,I. Goodfellow,76
1690722,S. Chatzis,76
144102323,M. Ferrara,76
122746304,R. Beck,76
1712910,T. Herawan,76
2075403860,M. Kaiser,76
1882556,K. Qian,76
4633411,Zhuoxian Wang,76
2598039,Alireza Nasiri,76
2058341749,S. Ramaswamy,76
1717963,S. Rass,76
151418104,Lucas von Chamier,76
47420092,Dominic Clark,76
20829764,Zhiyuan Ai,76
2115490017,Dao-Fu Liu,76
5713070,M. Malosetti,76
2440512,Timothy O. Laumann,76
50172592,Serge J. Belongie,76
7823285,Horace Pan,76
50568899,L. Pedersen,76
145714153,Alexey Kurakin,76
152928471,M. Tariq,76
1780384,M. Indulska,77
46288201,W. Brehm,77
2502888,Oreoluwatomiwa O. Babarinsa,77
1843181,Jun-Song Fu,77
145810617,Lillian Lee,77
49776606,Jiangfeng Cheng,77
8696815,M. Le Gallo,77
49959210,J. Dean,77
73260620,R. Gruber,77
1680579,Asterios Katsifodimos,77
2120595,S. Rinzivillo,77
2071227609,Miroslav Marinov,77
144960904,F. Speleman,77
2378027,Bharath Ramsundar,77
2075582,S. Hajian,77
14610544,Amitabha Roy,77
2827510,Laurent Bindschaedler,77
37698475,A. Heikal,77
2899295,G. I. Diaz,77
1930057,Guangming Tan,77
50283382,Kevin M. Cury,77
36045539,Adrià Puigdomènech Badia,77
1781162,K. Wang,77
2886004,Yuan-Jyue Chen,77
41154240,A. Afonso,77
1400875517,Ami Levy-Moonshine,77
50881145,Lewis Moffat,77
1793178,Meihui Zhang,77
98509479,F. Masci,77
1779628,Andrew A. Davidson,77
39712836,G. Ayoade,77
2134146,Nikoli Dryden,77
3717195,Andrew W. Han,77
2524198,Ryan Gabrys,77
46903095,Eyal Péer,77
103987521,Zhonglin Cao,77
12178401,Martina Lerche,77
2527473,Y. Okuda,77
2071656478,Donatella Busso,77
3420734,B. Turczyk,77
2840539,Kim-Kwang Raymond Choo,77
3493907,Jakob Sandegaard,77
2092368,S. Sadiq,78
47605128,Mingjie Tang,78
2288376751,Deze Zeng,78
144518416,Holger Schwenk,78
1682418,C. Aggarwal,78
1777646,Dominik Tomaszuk,78
144865353,B. Pang,78
145872183,Huadong Guo,78
29011153,Qinglin Qi,78
52222865,Maria Boura,78
1777422,R. Balasubramonian,78
2288804757,M. Conti,78
2107472893,C. Yan,78
1409846740,Rohan Gupta,78
3226433,G. Mortier,78
143990588,Massimo Mecella,78
2070085117,D. Dyer,78
40800089,L. Erskine,78
2288710412,MD Matthew M. Churpek,78
3410500,Matthias Fey,78
144007515,A. Hogan,78
9267451,X. Gu,78
2125673249,Marc Fischer,78
2961601,T. Korcsmáros,78
1896291,George Siemens,78
1935587,I. Chouvarda,78
2108503383,Xiaofeng Wang,78
1777660,Naftali Tishby,78
47264006,A. Alshehri,78
2108127558,Yunfeng Zhang,78
3231591,Bastian Quilitz,78
1762709,J. Wawrzynek,78
1970097,A. Theobald,78
1679542,H. Bao,78
148090554,Steven A. Martens,78
31636476,S. Bauman,78
51204489,T. D. Bie,79
1751762,Yoshua Bengio,79
35323115,A. Abdulazeez,79
3212733,Ganjar Alfian,79
1744109,S. Salzberg,79
2156059845,Li Li,79
3560620,Tajana Simunic,79
70407532,A. Kelz,79
2257229905,Stephan Hoyer,79
2108473999,Yupeng Zhang,79
9135861,Long Zheng,79
46378481,C. Valentim,79
144630231,M. Robinson,79
34652904,J. Hellemans,79
2113860756,Tim Kenny,79
2109590665,Haixun Wang,79
9072622,H. Shahriari,79
3195651,Anargyros Plemenos,79
145473095,Yu Zheng,79
1740077,Geoff Hulten,79
2069380956,L. Holloway,79
2158301,Benyu Zhang,79
1686294,Bill Howe,79
38430501,João Aguiar Castro,79
153766394,A. Kirilov,79
2267664,Sirisha Rambhatla,79
31555479,Timothy M. Chan,79
7883654,Chaozhe Zhu,79
145531067,H. Jagadish,79
35191617,M. A. Shah,79
48828579,Ales Erjavec,79
101251726,Michael J. Franklin,79
2152340816,Cheng Chang,79
113995588,Ekaterina Damer,79
2118452616,Zhen Wang,79
47611692,S. Fischer,79
120205775,N. Doulamis,79
2144446650,Chao Wang,79
2152916916,Yang Yang,79
2236529,Ming-Tuo Zhou,79
50155644,D. Schultz,79
87185505,M. Meyer,79
2064203013,Aaron Segal,79
2161388797,Kiran Maharana,79
144913779,J. Bosch,79
1716043,Jorge Bernardino,79
145472146,M. Wagner,80
1881041,Gilles Louppe,80
2117182555,Ting Chen,80
9947760,Alireza Faghaninia,80
4718515,Joseph H. Montoya,80
2529746,Keke Gai,80
1743600,Shuiwang Ji,80
2273072,Georg Ostrovski,80
2934141,N. Waddell,80
2113979381,Xing Hao,80
8273966,Guigang Zhang,80
145233982,M. Mohseni,80
2072782550,Zhihao Jia,80
46369381,Grant Ayers,80
11573257,Tianjian Chen,80
2150427580,Ming Yang,80
2155493162,Hui Li,80
48391667,X. Tan,80
3182988,I. Tatarinov,80
73507499,Qiang-feng Zhou,80
1803520,L. Maaten,80
49111633,J. Patel,80
144838425,C. Zuo,80
32511206,W. Sauerbrei,80
79404966,Mohammad Alizadeh,80
3945955,Xiaofei He,80
2005517418,Hanâ Lbath,80
50377068,Tian Zhi,80
145057514,H. B. McMahan,80
2110117920,Jieshan Zhao,80
1819419,Waseem Afzal,80
47131776,Annika Reinke,81
1725285,T. Khoshgoftaar,81
6104570,M. Gecevicius,81
3205436,Jonas Pfefferle,81
47181672,Daehwan Kim,81
1717056,M. Worring,81
145963904,I. A. T. Hashem,81
144108062,Jasper Snoek,81
1693341,D. Pedreschi,81
7020161,S. Ludick,81
1702550,S. Manegold,81
144061594,Y. Gogotsi,81
145101368,Jing Tang,81
2278834796,Daya Guo,81
3310968,Dimin Niu,81
6527289,B. Gabbe,81
3266710,H. A. Moatassime,81
145522617,E. Damiani,81
1726095131,A. Gupta,81
17711197,D. Ongari,81
144441300,N. Duffield,81
143720373,Indranil Gupta,81
2657593,H. Kawaji,81
51043865,C. McQuin,81
1710280,S. Grumbach,81
1735048,O. Tirkkonen,81
37089174,S. Hampson,81
34986234,Keval Vora,81
2381325,S. Ong,81
47513708,Junjie Huang,81
32455748,Siddhartha Sahu,81
2840853,Javad Chamanara,81
1893258,Hassan N. Noura,81
144580027,Dong Yu,81
65841662,D. Filimon,82
144971797,K. Knittel,82
2142983,Flavio Villanustre,82
2059906330,Troy Manning,82
66906393,Y. Petrova,82
65981652,Hao Wang,82
1733290,V. Markl,82
2789275,Hao Wang,82
39483833,Duyu Tang,82
66770881,C. Döpke,82
33352252,Hanqing Zeng,82
2113746583,Nym Vandenberg,82
18356904,Michal Podstawski,82
49933077,Louis-Philippe Morency,82
38385080,Hongxia Yang,82
5590544,J. Haslbeck,82
2109050852,Wen X Li,82
1699014,O. Hartig,82
2792154,A. Salgado,82
2327080,Avrilia Floratou,82
1481047992,Abou Zakaria Faroukhi,82
2111326563,Zhiwen Chen,82
98449500,S. Ha,82
2112831164,Li Cai,82
2060408270,J. Bessa,82
26391899,Amine Mhedhbi,82
1585890027,T. Tran,83
4230536,Nicholas A. Bokulich,83
2072850683,Swati Tiwari,83
2286764736,Qing Wang,83
7482477,R. Samarev,83
34065547,Naveen Panwar,83
1794590,Wenchao Xu,83
2115858706,Yongwei Wu,83
1705764,F. Bonchi,83
2857771,D. Papo,83
145567050,S. Barlow,83
2109539039,Zhi Yang,83
2363465,R. Maskat,83
1505464856,Lokesh Nagalapatti,83
2642350,Kadan Aljoumaa,83
2150059510,Rong Zhu,83
2164604,Shervin Minaee,83
2108684717,Xiaomeng Wang,83
144338063,N. Maglaveras,83
1697941,I. Vlahavas,83
7175581,A. V. van Breemen,83
34110040,H. V. Olivera,83
145429878,Hui Yu,83
1389382825,G. Abdulsahib,83
30582790,V. Reuter,83
2109972322,Jin Zhao,83
2781539,F. Berman,83
145792941,David M. Rothschild,83
1713968,Jiankun Hu,83
2170874,D. Akehurst,83
2152832173,Li Zhang,83
144039153,Zhong Ming,83
153761211,Heesu Kim,84
14577774,Waleed Iqbal,84
2313947,L. Pritchard,84
145428675,A. Sebastian,84
1723397,R. Verborgh,84
2110990110,Shijie Zhou,84
143989991,Alexander Schiller,84
2088768581,Yifan Hou,84
1741101,Oren Etzioni,84
2638246,Alex Beutel,84
2247137,H. Stahlberg,84
4285399,Stephane E. Castel,84
3458649,Sofia Panagiotopoulou,84
47782132,L. Yi,84
1711231,M. Smelyanskiy,84
143842977,E. Forsberg,84
2111415414,Yuechao Pan,84
2111054361,J. Silva,84
153422527,Xiaoming Qiu,84
145431225,Y. Xuan,84
144519071,D. Strong,84
2287603163,Ieee Thar Baker Senior Member,84
2106650552,Georgios Dolias,84
4948480,M. Posada de la Paz,84
49532874,A. Alberdi,84
1790392,E. Barillot,84
2144794493,Jie Huang,84
4006952,M. Axton,84
8623564,Quan-Hui Liu,84
2852242,N. Laranjeiro,84
2108514045,Jinyoung Lee,84
2285396719,Mark R. Nutter,85
89797300,Jiao-Jin Sun,85
2087749667,Dong Liang,85
49832912,Rui Zhao,85
2915064,E. Shekita,85
50663909,G. Andrienko,85
9392149,Albert Y. Zomaya,85
3452074,Michael Haubenschild,85
145868454,Yonggang Wen,85
120658773,Ihor Indyk,85
2343654,Hsin-Yuan Huang,85
1693598,M. Raginsky,85
2278389,Shrainik Jain,85
144156242,S. Mehrotra,85
2144499343,Jianmin Wang,85
2109636740,Chien-An Chen,85
144093170,M. Won,85
153478396,E. Jackson,85
1929145,Yuduo Wu,85
2345652,D. Bochtis,85
2056181012,J. Reis,85
32273167,Sergios Petridis,85
2341362,L. Tininini,85
145155916,R. Hosseini,85
2109411071,Zhichun Guo,85
2107299006,C. Williams,85
2156264658,Zhao Li,85
2111936357,Steven G. Johnson,86
7873409,Yanfang Ye,86
12313761,Tao Li,86
145485250,C. Coello,86
36397553,M. Brenner,86
2116636014,Li Zhou,86
2135918679,Long Zhou,86
40024798,Dionysios Logothetis,86
2056118645,A. Ferrer,86
103866044,Uthayakumar Jayasankar,86
1783781,S. Salihoglu,86
1572944977,Lidia Contreras-Ochando,86
1404359012,Bertty Contreras-Rojas,86
40801755,B. Cumpston,86
30868748,M. Manni,86
71010078,R. McLeod,86
49165821,R. Kumar,86
40372102,Changwan Hong,86
145033446,K. Strauss,86
2593963,Davide Alocci,86
1922657,Erhan Guven,86
35030227,Giancarlo Pellegrino,86
48704195,Jerome Couturier,86
1708607,A. Polleres,86
47557631,Yong Chen,86
1951080,Georgios Balikas,86
1950133,Prodromos Malakasiotis,86
3222580,O. Wiest,86
1712319,Shengling Wang,86
1725784,S. Speedie,87
6365009,Gregory S. Stupp,87
2239541229,Willy Susilo,87
1405412411,Philipp Eiden,87
2110812737,Tao Huang,87
144473373,A. Zhang,87
1491641853,Hartmut Schultze,87
9727014,Chandrasegar Thirumalai,87
36743361,Dakuo Wang,87
1977806,Adam Lerer,87
1785006,C. Ferri,87
1750988,D. Kosmopoulos,87
1750017,Chunxiao Jiang,87
1807433,S. Stolfo,87
15948537,I. Jongenburger,87
46393431,Yanzhi Wang,87
145676588,Stephen Lin,87
143936663,Thomas Hofmann,87
1490690684,Stephan Ursprung,87
35207951,Parmita Mehta,87
2240347692,Mao Ye,87
52129294,Casey M. Platnich,87
2285233261,Changyu Hou,87
1765150,Balaji Krishnapuram,87
7372106,G. U. Ganegoda,87
3329791,G. Newstadt,87
1750836,J. Simmons,87
1885895,K. Brkić,87
2148733,Patrick Zschech,87
1760940,A. Iosup,87
2157747150,Zuhai Jiang,87
1748072,H. Motoda,87
48284155,Angus F. M. Ng,87
2192840743,M. Cerezo,87
5328311,Dustin R. Bunch,87
23579626,Ira Gooding,87
144418842,T. Drummond,87
1939487,B. Brinne,87
2099667639,Pengcheng Yao,87
2084326559,Eric Schmidt,87
2107978833,Vipin Kumar,88
1721158,D. Dou,88
2155468366,Wei Zhang,88
1405412293,M. Mathea,88
31380410,Norma Latif Fitriyani,88
1394049881,The Genomic Observatories Network,88
37032036,Rosa M Alcazar,88
101185781,Mirko Lieber,88
47288315,Wendy Chang,88
48705568,A. Pedersen,88
29275442,Yibin Li,88
1773836,Payman Mohassel,88
1557607422,Hima Patel,88
2060026640,Satoshi Masuda,88
2123019127,Ruhi Sharma Mittal,88
2598130,Jianbo Fu,88
3326020,A. Vetrò,88
3370429,Zeming Lin,88
2118916449,Tianyi Wang,88
1729031,Floris Geerts,88
46478540,T. Beier,88
144161025,Chang Zhou,88
144479015,Awni Y. Hannun,88
143836959,D. Flynn,88
2055760745,Wei Xin,88
5420249,Jiyoul Lee,88
40163064,D. Manov,88
2860260,Alexandru Uta,88
1720869,Hongming Cai,88
144886793,Peng-Ting Chen,88
47061936,Lukasz Andrzejewski,88
15671883,Kris Rodgerson,88
2115646383,Teng Li,88
1930264,M. Field,88
1704462,R. Muntz,88
145773524,Wen Luo,88
47170423,Sharon Newman,88
31820923,M. Schmidt,88
49255057,J. Chew,88
2349196,Maria Skoularidou,88
73509301,Yeongjae Choi,88
1731068,Mingdong Ou,89
1889237,J. Peplies,89
145295484,Anil K. Jain,89
6292800,Xiaogan Liang,89
2737579,G. Furnas,89
3482237,L. Idoumghar,89
9223889,M. Zaliskyi,89
69484854,A. Rajaraman,89
31528430,N. Aziz,89
144369609,Gautam Srivastava,89
1392692054,Alex Bridgland,89
9341294,G. Kesavaraj,89
49501910,Youwei Zhuo,89
3416143,Yasser Idris,89
1689989,L. Bhuyan,89
1935346,Zhiyuan Shao,89
31843833,Xiaogang Wang,89
2999959,Matthew Thorpe,89
1858633,H. Do,89
145135725,A. Marques,89
2264597,Shubho Sengupta,89
3533262,B. Rusholme,89
144844353,L. Ismail,89
3341722,Alexandra Peste,89
49466142,S. Linden,89
2069844773,Li Xiu,89
116377499,N. Carvalhais,89
2118943217,Xiaowei Song,89
2517497,Zhangye Dong,89
88256002,C. Gorup,89
46251839,Arsalan Zahid Piprani,89
2789097,Peter Bloem,89
115112132,C. van Broeckhoven,89
1737505,J. Pesquet,89
2148761004,Longbing Cao,89
3293820,Laura Fumanelli,89
2082582426,David B. Carter,89
66320873,Huiqiang Xie,89
2061044608,Robert W. Bradshaw,89
48166357,Frances Perry,89
145583986,Wenwu Zhu,90
40987227,Yu Wang,90
3741656,Connor T. Skennerton,90
1831104,Zhenjiang Zhang,90
150105906,F.N. Van Dau,90
143908701,A. Xu,90
2062347618,M. Lanza,90
40600353,Yanfeng Zhang,90
2955771,Yongjun Ren,90
3317889,Jeyhun Karimov,90
9229182,B. Recht,90
2164728910,Cheng Liu,90
145321667,B. Liu,90
2752280,David Piorkowski,90
1682773,A. Pentland,90
1739490,A. Passarella,90
3132377,S. Ludtke,90
2118869556,Shang Ma,90
1761220,Yogesh L. Simmhan,90
31277482,P. Smutny,90
1750856,Michael Benedikt,90
83639236,M. Berkeley,90
1927553,Justin D. Weisz,90
144947410,R. Agrawal,90
145188508,P. Christen,90
1443742662,Weining Zheng,90
2842877,Wenwu Cui,90
2255220874,Eamonn J. Keogh,90
30037096,M. Kemerink,90
145125161,A. Hussain,90
50628121,P. V. Krishna,90
1733076,M. Hauswirth,90
50860274,Padhraic Smyth,90
144078473,J. Oláh,90
38152929,Jiong Jin,90
2245553048,Qing Wu,90
2057582064,Marzieh Haghighi,90
1926599,Asaph Azaria,90
145837053,M. Guizani,90
2118932732,Zheng Zhu,90
50118198,Yulu Wu,90
1754544,Yongyang Yu,91
150064574,Connor Shorten,91
34673873,S. Iwata,91
144180616,Erran L. Li,91
2108734743,Yixin Wang,91
1682309,Shaojie Tang,91
37626208,D. Christianson,91
2288354992,Simon Jones,91
2145903238,Fan Wang,91
144171563,S. Bandyopadhyay,91
1879114760,Keqiang Yan,91
2286232238,Wei Ding,91
1680073,Kang Chen,91
32435123,J. Herwegen,91
21766681,Dasharathraj K. Shetty,91
2108406634,Jianmin Chen,91
50206748,Hang Min,91
10803574,Lena Christiansen,91
1771108,Phoebe Sengers,91
2457612,Sangmin Oh,91
17266441,Karamjit Kaur,91
2056304241,Pengfei Fan,91
2108884106,Harris H. Wang,91
1747034,A. Vasilakos,91
4839253,Ryo Nakaki,91
2437145,G. Hart,91
34521172,Sarvar Patel,91
116356100,J. Rojas,91
73773486,Stine Hedensted,91
35132120,T. Jaakkola,92
145772858,Zhihan Lv,92
1685102,F. Giannotti,92
1777528,H. Larochelle,92
145600108,A. Fidjeland,92
40238404,P. Simon,92
2052949,Jason Tsay,92
2553383,Marco Torchiano,92
2115338656,Shuai Lu,92
1729109,N. Bouguila,92
2000360258,Xindi Wang,92
82961838,G. Trost,92
32909426,S. Modgil,92
143676711,M. Erez,92
9184276,Jingqiang Liu,92
2056835516,Meng Hou,92
1641642335,Xiaowei Jiang,92
145263625,Adrian V. Lee,92
2109574179,Sachin Kumar,92
1742363,S. Comai,92
47647620,W. Edmunds,92
145747497,Cristina Ribeiro,92
8672550,Pavani Yashodha De Silva,92
2155544933,Zhe Wang,92
7729327,Robert P. Davey,92
3148469,E. Arnaud,92
39376048,Diptikalyan Saha,92
2043402,S. Venkatakrishnan,92
1724421,Deng Cai,92
1708269,M. Martonosi,92
1750196,Abdallah Khreishah,92
3319373,Dirk Weissenborn,92
2621478,Franca Piazza,92
1948189,Moshe Lichman,92
145878647,Rob Kitchin,92
2143633281,Feng Xia,92
120583577,Chun-qiang Hu,92
143604406,B. Juang,92
2109101709,Jaejun Park,92
41157498,Tong Xu,93
2772109,Renzo Angles,93
2066721,Shivakumar Vaithyanathan,93
4622323,E. Nango,93
33669170,Sungjin Wi,93
1742448,K. Bollacker,93
1746841,Nicolas Usunier,93
3428490,Mark Raasveldt,93
40237241,Matthias Boehm,93
73685318,Ingrid Lange,93
2066516991,J. Kirkpatrick,93
38675222,L. Canova,93
9034963,Camilo Orozco Minotas,93
145712106,Volodymyr Kuleshov,93
1693220,C. Batini,93
144061974,P. Mcdaniel,93
2603265,S. Kuebler,93
8230559,Yongxin Tong,93
38690711,K. Beyer,93
1693549,S. Džeroski,93
47443371,Anju Sharma,93
50152441,Sihao Liu,93
2100212393,Philipp Gölzer,93
6733411,S. Struckmann,93
47295849,A. Reineke,93
3224102,D. Bacciu,93
1732336,Fenglin Bu,93
2434278,Mark Lillibridge,93
1490967734,Jugdutt Singh,93
5548191,Tazro Ohta,93
1703872,T. Menzies,93
48289026,Kyle Blauer,93
4488990,M. Mohammadi,93
2288483979,Leo Lahti,94
1979489,Kyunghyun Cho,94
144245703,Harsh Thakkar,94
1741126,S. Hoi,94
48445225,Fay W. Chang,94
145576595,Saransh Gupta,94
35374692,Ruqiang Yan,94
49061836,Alastair Green,94
1717192,M. Nanni,94
1782589,Vaibhava Goel,94
145834075,C. Leporelli,94
2447669,Junwhan Ahn,94
1680133,S. Jha,94
145122221,T. Varvarigou,94
144440610,V. Murthy,94
144199974,A. Mohamed,94
1736776,R. Stoleru,94
51248807,Saisai Sun,94
134381892,M. De Graef,94
3590885,A. Coi,94
1680046,A. Rakhlin,94
46462891,K. Akiyama,94
40268068,Pei-Hui Chu,94
1751591,G. Weikum,94
2776517,N. Blomberg,94
1726554,Aviral Shrivastava,94
40596015,Daniel Seybold,95
144861189,H. Chao,95
36436218,S. Laine,95
1756679,M. Mokbel,95
1794206,S. Ji,95
48129278,Jianting Zhou,95
2170409878,Tavneet Singh,95
1771551,X. Zhang,95
1403239967,Francisco Massa,95
1743903,Z. Pardos,95
50052368,Shuo Ren,95
3083169,S. Brunton,95
47663455,J. Sölter,95
144643812,Z. B. Celik,95
39107109,Taiga Abe,95
2152765829,Jian Wang,95
2145413970,Changji Li,95
1789686,R. Wrembel,95
2169661889,Max Earle,95
5145583,T. Monro,95
38909097,Alec Radford,95
80816275,Jiaming Qian,95
7452993,K. Ngiam,95
34251584,B. Schmidt,95
1882065,W. Budiharto,95
7549589,Jorge Mendes de Jesus,95
2146420685,Yiming Jiang,95
1786741,Xiaowen Gong,95
2219053320,Boyi Xu,95
1745657,K. Eshghi,95
2153522384,Peng Cui,95
49304367,J. Sese,95
2492241,Lingxiao Ma,95
2870618,Jilong Xue,95
2054050322,Andrew Gordon,95
2355151,K. Ferreira,95
1813998,M. Woolrich,95
40225855,H. H. Olsson,95
2280610,Seyma Nur Soydemir,95
152800798,Jens Petersen,95
2618700,Duck-Ho Bae,95
38533893,A. Ayala,96
1736467,ChengXiang Zhai,96
1780892,Sanjay Ghemawat,96
51398992,P. Weilbacher,96
2064923735,Amir Hossein Nodehi Sabet,96
151489878,Lesia Semenova,96
1691920,M. Humphrey,96
2111037263,Martin R. Jones,96
1743065,A. Shami,96
39248319,Nathan Bartley,96
40879604,Chengying Huan,96
2059271276,Trevor Killeen,96
4197391,S. Dhomkar,96
1796335,D. Blei,96
3226264,Vasilis Efthymiou,96
143656578,Y. Zang,96
2584015,D. Tiede,96
2286520440,Matthias W. Seeger,96
2969659,R. Krishnamurthi,96
1394243478,Jan Slifka,96
1756344,T. Baltrušaitis,96
2063985933,A. Lazar,96
1775884,A. Siddiqa,96
1736832,D. Gunopulos,96
1387958482,N. Abu-Ghazaleh,96
51423920,Juan Arbelaez,96
34937333,Y. Ruan,96
3349310,Jerven T. Bolleman,96
2113453831,Hui Ding,96
100772029,J. Surace,96
1781242,Abhinav Shrivastava,96
2066489607,Wei Yin,96
2061429719,Ausberto S. Castro Vera,96
2108533,Marcin Wylot,96
144531567,H. Roth,96
51997781,Peter Camble,96
1803284,Sandra Geisler,96
2412541,W. Hochachka,96
2087483,A. Ilyushkin,96
2047542372,Faisal Ahmed,96
2105998204,Henrik Christensen,96
46933871,M.S. Mahmud,96
10297273,M. A. Salahuddin,96
2233467,J. Evanseck,96
144889265,Ivan Titov,96
102693597,Chen Zheng,96
2691974,Carsten Binnig,96
1416519437,Joseph K. Liu,97
1754673,Tingyang Xu,97
5953896,P. Pickkers,97
34347677,Khoa A Tran,97
21505601,Dustin Lange,97
143674431,A. Mahfouz,97
987654673,Rui Fan,97
1413944992,Aimee Schwab-McCoy,97
144921048,Q. Liao,97
48740398,Z. Ullah,97
987654843,Andrea Baraldi,97
2434366,D. Vrgoc,97
144381651,P. McCormick,97
2515436,Yantao Zheng,97
144434220,Xiaodong Yang,97
2114485554,C. Ré,97
1695378,Jonathan Deaton,97
1504263542,Hui Yie Teh,97
1400077520,D. Castaño-Díez,97
12362073,Seán O'Riain,97
1781910,Thomas Noël,97
10767606,Brian Hilmers,97
2069040101,P. Evans,97
2069083371,Da Yan,97
144115026,Jiannong Cao,97
2512621,Hongzi Mao,97
3125805,Cyrus Rashtchian,97
144585578,W. James Murdoch,97
1770271879,Bill J Peck,97
48441342,Jeremy Greenwald,97
1772593,Tomaž Curk,97
50659286,A. Guttman,97
1490772997,Q. Ma,97
9139705,Amina Adadi,97
2075396941,L. Bai,97
35255977,G. R. Queiroz,97
1818681,D. Kalashnikov,97
117502420,M. Khan,97
145607066,J. Robins,97
6380447,J. Kuhle,97
2108860901,Yu Huang,97
144180010,S. Murphy,97
2203901,Stratos Idreos,98
5561234,L. Best,98
3327178,G. He,98
2118360318,Yao Chen,98
2115224068,Chanhee Park,98
9138305,Wenqun Xiu,98
2630296,Sean Kross,98
3004545,S. Trißl,98
11005922,Mindy Thuna,98
144926874,Jian Yin,98
143686989,Monica Vitali,98
2079538975,A. Ślęzak,98
1702866,Frank Sehnke,98
2098699541,Vengattaraman Thirumal,98
66760366,D. Kosmalska,98
1406485922,V. Sáiz-Rubio,98
10790558,Lukas Gianinazzi,98
2181974014,Nithin Raj,98
2128705160,Lizhang Chen,98
30567641,N. Kehtarnavaz,98
2817880,T. Lichtenberg,98
3615640,S. Vermeire,98
144350478,M. Lopez,98
35499972,Aurick Zhou,98
47714322,J. Polonsky,98
9933376,F. Fan,98
1398381803,G. Piatetsky-Shapiro,98
1797022,Hoo-Chang Shin,98
2421012,G. Zhong,98
2114071558,Shiv Verma,98
144312222,I. Dunham,98
39895708,J. Weinbach,98
14762667,D. Bintley,98
1403954535,Henrik André-Jönsson,98
9965217,Rianne van den Berg,98
2198436,Frank E. Curtis,98
2110909951,Stanley F. Chen,98
83674573,Ashley P. Stephenson,98
1721991,E. Rosten,98
2064046776,Benjamin I. P. Rubinstein,98
144538650,Mihai Pop,98
2193799,Tim Hulsen,98
150202115,Maria Alvarez,99
145619185,Zhiqiang Ge,99
144853146,J. Moreno,99
3326354,Haiyong Bao,99
38077733,C. Trotta,99
1630595717,P. Smyth,99
2068070,Sergey Edunov,99
1695217,S. Devadas,99
145034579,R. Calheiros,99
2137396497,Ke Meng,99
1821191,Vitobha Munigala,99
2144973386,HongJiang Zhang,99
2086383772,J. Gilbey,99
144269537,M. Tariq,99
2754804,Dimitris Tsipras,99
144560858,J. Ravel,99
3088916,Tien Tuan Anh Dinh,99
2121692012,Eliseo Parodi,99
2099119,G. Siuzdak,99
2070318495,Valeria Guimarâes,99
115504647,Yuqi Song,99
50716116,J. Vosgerau,99
2757091,N. Bogunovic,99
1756434,Zhenni Feng,99
1731449,Lei Shu,99
6638274,Christoph Spahn,99
1927408,P. Czodrowski,99
2149050391,Hao Chen,99
3081252,Uttam Adhikari,99
48560944,R. Grass,99
2065866972,Michael Probst,100
30736359,M. Dylla,100
2865824,Liang Zhou,100
2015216,Carlyna Bondiombouy,100
31846192,Tobias Lindaaker,100
2108098765,Xinchen Zhang,100
47949377,Guoliang Li,100
5603320,Sally L. Baxter,100
32399256,Chongli Qin,100
2464154,Hongning Dai,100
36472283,Stefan Slater,100
1693354,Sonia Tarazona,100
2055632320,Katherine Chou,100
2404634,Mathias Klier,100
2065857867,M. J. R. Quintana,100
2214386,Farzad Khorasani,100
2478931,Juan L. Reutter,100
5552754,Andrew C. Adey,100
2181972275,Johan T R,100
39509913,R. Mayer,100
1590803341,Jinsung Kim,100
152772922,Ludwig Schmidt,100
14137449,K. Badek,100
2201329,Oliver Horlacher,100
1795510,E. Gudes,100
5989466,Ivan Jakovlić,100
2154902070,Yang Li,100
92015504,Wei-Yao Tang,100
1402912902,B. Bauer-Marschallinger,100
3441349,Ashish R. Mittal,100
2160518,A. Devalle,100
1601314593,Johanna Jukkala,100
1728382,Joachim Denzler,100
46234199,Rajesh Kaluri,100
6648707,B. Cimini,100
47015649,M. Santoro,100
145114523,G. Iaccarino,100
8804828,M. Schlichtkrull,100
2682150,T. Mattson,100
144894714,V. Grover,100
1582428254,Pantelis Linardatos,100
2116002788,Jonghyun Yoon,100
